insert into users (id, hash, reg_time, balance, name) values (1, 'user-4o3swc275', '2021-08-24 06:54:58', 0, 'Chloris Cherrington');
insert into users (id, hash, reg_time, balance, name) values (2, 'user-ft73qhdu8', '2021-06-10 03:13:36', 0, 'Yorgo Anthill');
insert into users (id, hash, reg_time, balance, name) values (3, 'user-ldev2e0dg', '2022-02-25 22:59:09', 0, 'Fernandina Huntall');
insert into users (id, hash, reg_time, balance, name) values (4, 'user-tt5s7e020', '2021-08-07 11:04:12', 0, 'Karl Egar');
insert into users (id, hash, reg_time, balance, name) values (5, 'user-6hzypfjl5', '2022-01-12 22:16:44', 0, 'Allie Pengilly');
insert into users (id, hash, reg_time, balance, name) values (6, 'user-chd8burrr', '2022-01-23 06:46:28', 0, 'Arabele Gowing');
insert into users (id, hash, reg_time, balance, name) values (7, 'user-xnz04rry1', '2022-01-14 03:03:12', 0, 'Lissi Pears');
insert into users (id, hash, reg_time, balance, name) values (8, 'user-h5ygio89v', '2021-08-25 13:47:05', 0, 'Mahala Milner');
insert into users (id, hash, reg_time, balance, name) values (9, 'user-a8dg4n2ga', '2022-03-02 20:32:22', 0, 'Abagail Edmunds');
insert into users (id, hash, reg_time, balance, name) values (10, 'user-sronkdybo', '2021-11-21 03:54:42', 0, 'Melissa Winslett');
insert into users (id, hash, reg_time, balance, name) values (11, 'user-yffqd6box', '2021-11-09 00:00:19', 0, 'Gaspard Croot');
insert into users (id, hash, reg_time, balance, name) values (12, 'user-d82nwdybu', '2022-03-01 12:52:16', 0, 'Ashly Salters');
insert into users (id, hash, reg_time, balance, name) values (13, 'user-ru0xwoi3h', '2022-01-02 01:34:43', 0, 'Ebenezer Mullender');
insert into users (id, hash, reg_time, balance, name) values (14, 'user-k4vobn5cr', '2021-11-03 20:01:07', 0, 'Ursuline Bartholin');
insert into users (id, hash, reg_time, balance, name) values (15, 'user-ns8fr07jb', '2022-02-24 01:38:28', 0, 'Malory Shillitoe');
insert into users (id, hash, reg_time, balance, name) values (16, 'user-xfj7udnp3', '2021-04-16 15:49:20', 0, 'Laurena Dealy');
insert into users (id, hash, reg_time, balance, name) values (17, 'user-k49z04rkz', '2021-07-26 13:49:51', 0, 'Mariellen Wonfor');
insert into users (id, hash, reg_time, balance, name) values (18, 'user-tt2m8j9m4', '2021-05-28 14:37:50', 0, 'Ruthanne Dunphy');
insert into users (id, hash, reg_time, balance, name) values (19, 'user-w7xpo6rfx', '2022-03-14 08:45:01', 0, 'Gaynor Reyburn');
insert into users (id, hash, reg_time, balance, name) values (20, 'user-621cih6kh', '2021-12-13 07:07:48', 0, 'Amargo Debell');
insert into users (id, hash, reg_time, balance, name) values (21, 'user-gwtv9pvvd', '2021-08-24 10:33:01', 0, 'Nickola Went');
insert into users (id, hash, reg_time, balance, name) values (22, 'user-konki4u3p', '2021-11-15 16:08:29', 0, 'Micheline Kemitt');
insert into users (id, hash, reg_time, balance, name) values (23, 'user-ac17niw9o', '2021-12-26 03:59:22', 0, 'Darn Gittus');
insert into users (id, hash, reg_time, balance, name) values (24, 'user-iyeg0quhi', '2022-02-03 12:44:54', 0, 'Cherida Fullegar');
insert into users (id, hash, reg_time, balance, name) values (25, 'user-m9y26dqd1', '2021-06-03 06:35:02', 0, 'Bridie Grebner');
insert into users (id, hash, reg_time, balance, name) values (26, 'user-3wiw85s5z', '2022-02-03 21:44:58', 0, 'Yulma Vaszoly');
insert into users (id, hash, reg_time, balance, name) values (27, 'user-95qvseuix', '2021-12-23 08:55:26', 0, 'Patrice Chillingsworth');
insert into users (id, hash, reg_time, balance, name) values (28, 'user-at19wantx', '2021-11-15 07:47:06', 0, 'Rica Hargerie');
insert into users (id, hash, reg_time, balance, name) values (29, 'user-vu9u305zb', '2021-04-19 07:49:57', 0, 'Garrard Connew');
insert into users (id, hash, reg_time, balance, name) values (30, 'user-zwctrsgds', '2021-10-21 21:35:15', 0, 'Iris Blazek');
insert into users (id, hash, reg_time, balance, name) values (31, 'user-qnz4pxdgk', '2021-09-03 02:15:33', 0, 'Isadora Romans');
insert into users (id, hash, reg_time, balance, name) values (32, 'user-z7l5uhbxf', '2022-03-22 22:04:23', 0, 'Marnie Kirlin');
insert into users (id, hash, reg_time, balance, name) values (33, 'user-cr403xqu8', '2022-02-21 09:30:33', 0, 'Stacy Fontanet');
insert into users (id, hash, reg_time, balance, name) values (34, 'user-9pwxmpd7c', '2021-05-10 00:36:02', 0, 'Alf Van de Vlies');
insert into users (id, hash, reg_time, balance, name) values (35, 'user-mu3ex1vcp', '2021-04-24 05:18:14', 0, 'Yolande Engledow');
insert into users (id, hash, reg_time, balance, name) values (36, 'user-d6867v7s8', '2022-04-02 22:36:01', 0, 'Avigdor Fahrenbach');
insert into users (id, hash, reg_time, balance, name) values (37, 'user-6tiot8eyd', '2021-04-17 01:35:02', 0, 'Godart Waddington');
insert into users (id, hash, reg_time, balance, name) values (38, 'user-dn5129mxt', '2021-12-09 15:18:53', 0, 'Reggy Eaves');
insert into users (id, hash, reg_time, balance, name) values (39, 'user-3vduwdrbw', '2022-03-16 17:15:24', 0, 'Shelba Revey');
insert into users (id, hash, reg_time, balance, name) values (40, 'user-mdot5c1hj', '2021-04-13 21:25:19', 0, 'Sydney Willimot');
insert into users (id, hash, reg_time, balance, name) values (41, 'user-a515d55tj', '2021-11-19 23:03:41', 0, 'Helge Merritt');
insert into users (id, hash, reg_time, balance, name) values (42, 'user-rcofh2hwo', '2021-05-25 07:39:49', 0, 'Henka Cosford');
insert into users (id, hash, reg_time, balance, name) values (43, 'user-r2t3af11t', '2021-05-29 04:52:31', 0, 'Derril Kubach');
insert into users (id, hash, reg_time, balance, name) values (44, 'user-gwctithsg', '2021-11-07 22:59:36', 0, 'Dara Killby');
insert into users (id, hash, reg_time, balance, name) values (45, 'user-0jwrq4yf3', '2021-12-13 02:45:57', 0, 'Ansel Broxholme');
insert into users (id, hash, reg_time, balance, name) values (46, 'user-gazo4skmu', '2021-06-14 23:52:38', 0, 'Dolli Willox');
insert into users (id, hash, reg_time, balance, name) values (47, 'user-lmif2ljtj', '2021-11-21 23:46:20', 0, 'Dallas Babst');
insert into users (id, hash, reg_time, balance, name) values (48, 'user-o43vdpbmp', '2021-10-11 17:58:02', 0, 'Kattie Gislebert');
insert into users (id, hash, reg_time, balance, name) values (49, 'user-s32grssby', '2021-06-08 08:42:48', 0, 'Humphrey Camings');
insert into users (id, hash, reg_time, balance, name) values (50, 'user-jt0a9qn1d', '2022-03-23 03:07:52', 0, 'Koralle Roxbrough');

insert into book2user_type (id, code, name) values (1, 'KEPT', 'Отложена');
insert into book2user_type (id, code, name) values (2, 'CART', 'В корзине');
insert into book2user_type (id, code, name) values (3, 'PAID', 'Куплена');
insert into book2user_type (id, code, name) values (4, 'ARCHIVED', 'В архиве');

insert into book2user (id, time, type_id, book_id, user_id) values (1, '2021-07-10 07:48:14', 1, 591, 8);
insert into book2user (id, time, type_id, book_id, user_id) values (2, '2021-07-03 01:31:09', 2, 542, 42);
insert into book2user (id, time, type_id, book_id, user_id) values (3, '2021-05-29 08:54:58', 4, 285, 49);
insert into book2user (id, time, type_id, book_id, user_id) values (4, '2021-10-30 02:48:22', 4, 212, 11);
insert into book2user (id, time, type_id, book_id, user_id) values (5, '2022-01-25 11:05:57', 2, 303, 26);
insert into book2user (id, time, type_id, book_id, user_id) values (6, '2021-05-03 15:10:50', 4, 585, 46);
insert into book2user (id, time, type_id, book_id, user_id) values (7, '2021-05-10 14:32:29', 4, 657, 44);
insert into book2user (id, time, type_id, book_id, user_id) values (8, '2022-01-12 17:23:59', 4, 542, 19);
insert into book2user (id, time, type_id, book_id, user_id) values (9, '2022-03-25 05:22:15', 2, 105, 7);
insert into book2user (id, time, type_id, book_id, user_id) values (10, '2022-04-04 08:00:49', 1, 377, 8);
insert into book2user (id, time, type_id, book_id, user_id) values (11, '2021-05-05 23:47:02', 1, 272, 34);
insert into book2user (id, time, type_id, book_id, user_id) values (12, '2022-01-28 11:41:40', 1, 576, 45);
insert into book2user (id, time, type_id, book_id, user_id) values (13, '2022-01-30 13:50:27', 4, 475, 23);
insert into book2user (id, time, type_id, book_id, user_id) values (14, '2021-09-25 19:16:48', 3, 147, 11);
insert into book2user (id, time, type_id, book_id, user_id) values (15, '2021-05-03 00:33:49', 1, 678, 15);
insert into book2user (id, time, type_id, book_id, user_id) values (16, '2022-03-01 12:00:11', 3, 461, 22);
insert into book2user (id, time, type_id, book_id, user_id) values (17, '2022-03-23 16:33:22', 1, 9, 29);
insert into book2user (id, time, type_id, book_id, user_id) values (18, '2021-04-13 12:45:02', 4, 375, 21);
insert into book2user (id, time, type_id, book_id, user_id) values (19, '2021-10-24 03:34:23', 3, 607, 5);
insert into book2user (id, time, type_id, book_id, user_id) values (20, '2021-10-13 18:54:28', 4, 418, 13);
insert into book2user (id, time, type_id, book_id, user_id) values (21, '2022-03-06 09:13:39', 4, 474, 24);
insert into book2user (id, time, type_id, book_id, user_id) values (22, '2021-07-04 08:40:20', 2, 337, 44);
insert into book2user (id, time, type_id, book_id, user_id) values (23, '2022-01-10 09:07:19', 1, 277, 10);
insert into book2user (id, time, type_id, book_id, user_id) values (24, '2021-05-16 03:55:11', 2, 576, 22);
insert into book2user (id, time, type_id, book_id, user_id) values (25, '2021-11-10 21:49:23', 3, 101, 32);
insert into book2user (id, time, type_id, book_id, user_id) values (26, '2021-12-10 18:36:27', 1, 635, 7);
insert into book2user (id, time, type_id, book_id, user_id) values (27, '2021-10-22 23:03:07', 3, 285, 16);
insert into book2user (id, time, type_id, book_id, user_id) values (28, '2021-10-16 09:32:10', 4, 50, 29);
insert into book2user (id, time, type_id, book_id, user_id) values (29, '2022-03-26 03:33:40', 1, 370, 14);
insert into book2user (id, time, type_id, book_id, user_id) values (30, '2021-10-17 05:33:43', 2, 410, 20);
insert into book2user (id, time, type_id, book_id, user_id) values (31, '2021-12-18 05:12:25', 1, 450, 17);
insert into book2user (id, time, type_id, book_id, user_id) values (32, '2021-10-16 18:14:09', 1, 377, 41);
insert into book2user (id, time, type_id, book_id, user_id) values (33, '2021-06-30 00:19:49', 1, 273, 42);
insert into book2user (id, time, type_id, book_id, user_id) values (34, '2021-09-21 16:58:58', 2, 605, 32);
insert into book2user (id, time, type_id, book_id, user_id) values (35, '2021-08-10 14:07:09', 2, 371, 18);
insert into book2user (id, time, type_id, book_id, user_id) values (36, '2021-04-17 17:12:36', 1, 226, 27);
insert into book2user (id, time, type_id, book_id, user_id) values (37, '2021-06-23 11:33:26', 4, 339, 23);
insert into book2user (id, time, type_id, book_id, user_id) values (38, '2021-07-14 04:15:29', 3, 380, 21);
insert into book2user (id, time, type_id, book_id, user_id) values (39, '2021-12-07 05:51:01', 2, 233, 46);
insert into book2user (id, time, type_id, book_id, user_id) values (40, '2022-02-14 23:00:25', 3, 344, 15);
insert into book2user (id, time, type_id, book_id, user_id) values (41, '2021-12-02 22:33:59', 3, 157, 16);
insert into book2user (id, time, type_id, book_id, user_id) values (42, '2021-04-28 17:43:06', 2, 272, 4);
insert into book2user (id, time, type_id, book_id, user_id) values (43, '2021-06-17 13:41:19', 4, 8, 50);
insert into book2user (id, time, type_id, book_id, user_id) values (44, '2022-02-14 12:53:39', 2, 270, 25);
insert into book2user (id, time, type_id, book_id, user_id) values (45, '2022-02-23 19:40:52', 1, 413, 38);
insert into book2user (id, time, type_id, book_id, user_id) values (46, '2022-01-13 19:32:27', 3, 547, 2);
insert into book2user (id, time, type_id, book_id, user_id) values (47, '2021-08-10 14:22:27', 1, 536, 1);
insert into book2user (id, time, type_id, book_id, user_id) values (48, '2021-08-07 23:50:09', 1, 666, 4);
insert into book2user (id, time, type_id, book_id, user_id) values (49, '2021-12-03 07:56:04', 3, 273, 11);
insert into book2user (id, time, type_id, book_id, user_id) values (50, '2021-12-31 00:42:27', 4, 442, 33);
insert into book2user (id, time, type_id, book_id, user_id) values (51, '2021-09-12 20:04:36', 4, 127, 42);
insert into book2user (id, time, type_id, book_id, user_id) values (52, '2021-04-23 12:32:34', 3, 631, 10);
insert into book2user (id, time, type_id, book_id, user_id) values (53, '2021-06-24 12:46:05', 1, 55, 23);
insert into book2user (id, time, type_id, book_id, user_id) values (54, '2022-03-27 13:21:58', 3, 192, 11);
insert into book2user (id, time, type_id, book_id, user_id) values (55, '2021-08-04 06:43:58', 1, 676, 6);
insert into book2user (id, time, type_id, book_id, user_id) values (56, '2021-09-07 03:35:37', 3, 333, 7);
insert into book2user (id, time, type_id, book_id, user_id) values (57, '2021-10-12 08:44:27', 1, 218, 1);
insert into book2user (id, time, type_id, book_id, user_id) values (58, '2021-08-23 14:44:28', 3, 29, 13);
insert into book2user (id, time, type_id, book_id, user_id) values (59, '2021-08-16 21:39:40', 2, 30, 46);
insert into book2user (id, time, type_id, book_id, user_id) values (60, '2021-11-24 14:14:21', 3, 491, 17);
insert into book2user (id, time, type_id, book_id, user_id) values (61, '2021-07-16 02:40:13', 2, 465, 26);
insert into book2user (id, time, type_id, book_id, user_id) values (62, '2021-05-28 12:37:57', 3, 472, 28);
insert into book2user (id, time, type_id, book_id, user_id) values (63, '2022-03-21 13:46:03', 4, 161, 12);
insert into book2user (id, time, type_id, book_id, user_id) values (64, '2021-07-15 03:26:50', 1, 110, 2);
insert into book2user (id, time, type_id, book_id, user_id) values (65, '2021-06-25 11:55:25', 2, 136, 5);
insert into book2user (id, time, type_id, book_id, user_id) values (66, '2022-01-30 07:39:05', 3, 114, 4);
insert into book2user (id, time, type_id, book_id, user_id) values (67, '2022-03-01 11:06:07', 3, 134, 9);
insert into book2user (id, time, type_id, book_id, user_id) values (68, '2022-03-09 08:37:40', 1, 435, 12);
insert into book2user (id, time, type_id, book_id, user_id) values (69, '2021-10-15 15:37:58', 1, 197, 1);
insert into book2user (id, time, type_id, book_id, user_id) values (70, '2021-05-13 02:45:08', 1, 258, 16);
insert into book2user (id, time, type_id, book_id, user_id) values (71, '2021-05-17 06:04:56', 1, 316, 5);
insert into book2user (id, time, type_id, book_id, user_id) values (72, '2021-10-16 14:54:23', 1, 458, 6);
insert into book2user (id, time, type_id, book_id, user_id) values (73, '2022-03-16 20:56:19', 4, 407, 47);
insert into book2user (id, time, type_id, book_id, user_id) values (74, '2021-11-14 23:23:03', 2, 367, 29);
insert into book2user (id, time, type_id, book_id, user_id) values (75, '2022-03-09 09:28:54', 1, 320, 9);
insert into book2user (id, time, type_id, book_id, user_id) values (76, '2021-09-10 13:43:24', 2, 408, 46);
insert into book2user (id, time, type_id, book_id, user_id) values (77, '2021-10-25 21:48:02', 4, 163, 14);
insert into book2user (id, time, type_id, book_id, user_id) values (78, '2021-05-19 14:39:13', 4, 59, 45);
insert into book2user (id, time, type_id, book_id, user_id) values (79, '2022-03-26 05:43:35', 4, 586, 9);
insert into book2user (id, time, type_id, book_id, user_id) values (80, '2021-08-18 11:04:17', 4, 108, 6);
insert into book2user (id, time, type_id, book_id, user_id) values (81, '2021-10-21 13:30:17', 2, 424, 38);
insert into book2user (id, time, type_id, book_id, user_id) values (82, '2021-10-09 02:25:54', 4, 483, 40);
insert into book2user (id, time, type_id, book_id, user_id) values (83, '2021-08-19 03:46:31', 3, 599, 46);
insert into book2user (id, time, type_id, book_id, user_id) values (84, '2022-04-04 09:22:26', 3, 418, 13);
insert into book2user (id, time, type_id, book_id, user_id) values (85, '2022-01-12 18:30:27', 3, 270, 31);
insert into book2user (id, time, type_id, book_id, user_id) values (86, '2021-06-20 05:24:26', 2, 497, 13);
insert into book2user (id, time, type_id, book_id, user_id) values (87, '2022-01-03 19:13:51', 2, 581, 32);
insert into book2user (id, time, type_id, book_id, user_id) values (88, '2021-07-23 23:09:09', 1, 248, 27);
insert into book2user (id, time, type_id, book_id, user_id) values (89, '2022-02-09 09:08:02', 3, 204, 30);
insert into book2user (id, time, type_id, book_id, user_id) values (90, '2021-08-27 13:52:54', 1, 162, 1);
insert into book2user (id, time, type_id, book_id, user_id) values (91, '2021-08-12 22:35:27', 4, 207, 31);
insert into book2user (id, time, type_id, book_id, user_id) values (92, '2021-05-17 20:03:05', 4, 316, 32);
insert into book2user (id, time, type_id, book_id, user_id) values (93, '2021-10-21 23:42:37', 1, 187, 6);
insert into book2user (id, time, type_id, book_id, user_id) values (94, '2021-05-10 05:34:14', 1, 644, 15);
insert into book2user (id, time, type_id, book_id, user_id) values (95, '2021-05-01 23:45:50', 1, 663, 35);
insert into book2user (id, time, type_id, book_id, user_id) values (96, '2021-05-16 23:45:14', 1, 691, 41);
insert into book2user (id, time, type_id, book_id, user_id) values (97, '2021-06-28 10:32:24', 2, 225, 47);
insert into book2user (id, time, type_id, book_id, user_id) values (98, '2021-11-29 01:54:27', 4, 540, 40);
insert into book2user (id, time, type_id, book_id, user_id) values (99, '2022-03-14 15:46:19', 4, 19, 40);
insert into book2user (id, time, type_id, book_id, user_id) values (100, '2021-09-20 18:23:28', 1, 171, 24);
insert into book2user (id, time, type_id, book_id, user_id) values (101, '2021-07-16 06:42:41', 2, 688, 7);
insert into book2user (id, time, type_id, book_id, user_id) values (102, '2021-09-24 12:51:23', 1, 581, 22);
insert into book2user (id, time, type_id, book_id, user_id) values (103, '2022-03-14 02:14:34', 2, 664, 29);
insert into book2user (id, time, type_id, book_id, user_id) values (104, '2021-05-23 17:56:44', 2, 597, 24);
insert into book2user (id, time, type_id, book_id, user_id) values (105, '2021-05-26 12:49:37', 2, 329, 9);
insert into book2user (id, time, type_id, book_id, user_id) values (106, '2022-01-14 03:19:16', 4, 407, 45);
insert into book2user (id, time, type_id, book_id, user_id) values (107, '2021-11-24 23:27:41', 4, 428, 39);
insert into book2user (id, time, type_id, book_id, user_id) values (108, '2021-05-18 08:42:44', 4, 241, 12);
insert into book2user (id, time, type_id, book_id, user_id) values (109, '2021-08-03 17:18:11', 3, 182, 35);
insert into book2user (id, time, type_id, book_id, user_id) values (110, '2021-06-28 09:37:33', 3, 670, 30);
insert into book2user (id, time, type_id, book_id, user_id) values (111, '2022-03-19 14:00:19', 4, 131, 17);
insert into book2user (id, time, type_id, book_id, user_id) values (112, '2021-07-11 02:22:35', 1, 350, 42);
insert into book2user (id, time, type_id, book_id, user_id) values (113, '2022-02-10 12:54:30', 3, 121, 15);
insert into book2user (id, time, type_id, book_id, user_id) values (114, '2022-02-02 01:50:30', 4, 37, 13);
insert into book2user (id, time, type_id, book_id, user_id) values (115, '2022-03-12 06:09:00', 2, 442, 45);
insert into book2user (id, time, type_id, book_id, user_id) values (116, '2022-01-08 19:51:12', 1, 302, 39);
insert into book2user (id, time, type_id, book_id, user_id) values (117, '2021-04-10 15:59:53', 2, 537, 9);
insert into book2user (id, time, type_id, book_id, user_id) values (118, '2021-04-20 08:15:57', 4, 47, 19);
insert into book2user (id, time, type_id, book_id, user_id) values (119, '2022-03-27 07:33:10', 4, 145, 7);
insert into book2user (id, time, type_id, book_id, user_id) values (120, '2022-03-09 09:47:46', 4, 505, 44);
insert into book2user (id, time, type_id, book_id, user_id) values (121, '2021-09-26 19:39:48', 2, 237, 5);
insert into book2user (id, time, type_id, book_id, user_id) values (122, '2021-10-11 15:15:03', 4, 639, 33);
insert into book2user (id, time, type_id, book_id, user_id) values (123, '2021-10-29 18:36:52', 3, 506, 46);
insert into book2user (id, time, type_id, book_id, user_id) values (124, '2021-11-01 04:03:43', 3, 535, 22);
insert into book2user (id, time, type_id, book_id, user_id) values (125, '2022-03-22 20:05:36', 2, 182, 37);
insert into book2user (id, time, type_id, book_id, user_id) values (126, '2022-01-29 07:23:56', 3, 74, 20);
insert into book2user (id, time, type_id, book_id, user_id) values (127, '2021-12-01 06:08:08', 4, 123, 15);
insert into book2user (id, time, type_id, book_id, user_id) values (128, '2021-04-14 01:12:43', 4, 248, 14);
insert into book2user (id, time, type_id, book_id, user_id) values (129, '2022-04-07 14:20:35', 2, 235, 47);
insert into book2user (id, time, type_id, book_id, user_id) values (130, '2021-10-30 23:56:55', 3, 460, 50);
insert into book2user (id, time, type_id, book_id, user_id) values (131, '2021-12-11 16:16:41', 3, 340, 20);
insert into book2user (id, time, type_id, book_id, user_id) values (132, '2021-07-28 06:13:56', 4, 374, 12);
insert into book2user (id, time, type_id, book_id, user_id) values (133, '2022-03-07 06:03:13', 3, 170, 25);
insert into book2user (id, time, type_id, book_id, user_id) values (134, '2022-01-23 07:27:03', 2, 48, 37);
insert into book2user (id, time, type_id, book_id, user_id) values (135, '2022-01-11 00:18:12', 1, 364, 30);
insert into book2user (id, time, type_id, book_id, user_id) values (136, '2021-12-10 10:28:44', 3, 391, 43);
insert into book2user (id, time, type_id, book_id, user_id) values (137, '2021-06-25 10:33:55', 2, 369, 5);
insert into book2user (id, time, type_id, book_id, user_id) values (138, '2022-03-23 22:29:02', 4, 174, 38);
insert into book2user (id, time, type_id, book_id, user_id) values (139, '2022-03-24 02:19:47', 2, 313, 11);
insert into book2user (id, time, type_id, book_id, user_id) values (140, '2022-03-18 13:31:30', 1, 346, 1);
insert into book2user (id, time, type_id, book_id, user_id) values (141, '2021-10-07 05:08:19', 4, 191, 17);
insert into book2user (id, time, type_id, book_id, user_id) values (142, '2021-12-25 20:42:57', 1, 66, 19);
insert into book2user (id, time, type_id, book_id, user_id) values (143, '2022-02-10 17:42:04', 1, 152, 43);
insert into book2user (id, time, type_id, book_id, user_id) values (144, '2021-12-13 11:41:45', 3, 210, 14);
insert into book2user (id, time, type_id, book_id, user_id) values (145, '2021-04-22 21:49:46', 4, 439, 24);
insert into book2user (id, time, type_id, book_id, user_id) values (146, '2021-11-16 17:34:52', 3, 307, 18);
insert into book2user (id, time, type_id, book_id, user_id) values (147, '2021-09-07 00:15:44', 1, 76, 9);
insert into book2user (id, time, type_id, book_id, user_id) values (148, '2021-10-31 07:06:21', 2, 224, 34);
insert into book2user (id, time, type_id, book_id, user_id) values (149, '2021-12-01 07:11:46', 4, 401, 8);
insert into book2user (id, time, type_id, book_id, user_id) values (150, '2021-05-01 06:49:35', 4, 302, 36);
insert into book2user (id, time, type_id, book_id, user_id) values (151, '2021-11-06 11:38:06', 2, 534, 2);
insert into book2user (id, time, type_id, book_id, user_id) values (152, '2022-03-03 00:02:06', 1, 272, 45);
insert into book2user (id, time, type_id, book_id, user_id) values (153, '2021-10-30 20:07:13', 4, 347, 24);
insert into book2user (id, time, type_id, book_id, user_id) values (154, '2021-05-27 05:20:49', 2, 419, 16);
insert into book2user (id, time, type_id, book_id, user_id) values (155, '2022-01-19 15:04:10', 3, 179, 13);
insert into book2user (id, time, type_id, book_id, user_id) values (156, '2021-07-10 12:17:35', 2, 675, 39);
insert into book2user (id, time, type_id, book_id, user_id) values (157, '2021-08-17 14:30:34', 2, 111, 36);
insert into book2user (id, time, type_id, book_id, user_id) values (158, '2022-03-08 16:17:14', 1, 641, 27);
insert into book2user (id, time, type_id, book_id, user_id) values (159, '2021-04-24 17:06:52', 4, 324, 33);
insert into book2user (id, time, type_id, book_id, user_id) values (160, '2021-06-21 12:17:21', 1, 349, 8);
insert into book2user (id, time, type_id, book_id, user_id) values (161, '2021-11-06 04:24:37', 3, 437, 2);
insert into book2user (id, time, type_id, book_id, user_id) values (162, '2021-11-29 17:45:12', 1, 380, 10);
insert into book2user (id, time, type_id, book_id, user_id) values (163, '2021-04-25 12:40:53', 2, 122, 50);
insert into book2user (id, time, type_id, book_id, user_id) values (164, '2021-05-13 13:52:57', 4, 401, 2);
insert into book2user (id, time, type_id, book_id, user_id) values (165, '2021-06-14 13:02:29', 2, 197, 50);
insert into book2user (id, time, type_id, book_id, user_id) values (166, '2022-02-04 10:19:31', 4, 22, 43);
insert into book2user (id, time, type_id, book_id, user_id) values (167, '2022-03-15 02:54:02', 2, 650, 19);
insert into book2user (id, time, type_id, book_id, user_id) values (168, '2022-03-19 17:04:28', 3, 472, 33);
insert into book2user (id, time, type_id, book_id, user_id) values (169, '2022-01-19 03:04:17', 2, 417, 43);
insert into book2user (id, time, type_id, book_id, user_id) values (170, '2022-02-10 08:41:45', 4, 328, 46);
insert into book2user (id, time, type_id, book_id, user_id) values (171, '2021-08-10 14:35:55', 4, 667, 4);
insert into book2user (id, time, type_id, book_id, user_id) values (172, '2021-10-27 13:27:02', 1, 381, 17);
insert into book2user (id, time, type_id, book_id, user_id) values (173, '2021-05-08 06:43:24', 3, 10, 10);
insert into book2user (id, time, type_id, book_id, user_id) values (174, '2021-12-19 16:06:50', 1, 509, 2);
insert into book2user (id, time, type_id, book_id, user_id) values (175, '2021-11-03 11:00:31', 2, 274, 13);
insert into book2user (id, time, type_id, book_id, user_id) values (176, '2021-12-19 22:38:45', 3, 324, 30);
insert into book2user (id, time, type_id, book_id, user_id) values (177, '2021-09-06 10:40:40', 1, 698, 31);
insert into book2user (id, time, type_id, book_id, user_id) values (178, '2021-08-22 07:13:22', 3, 72, 46);
insert into book2user (id, time, type_id, book_id, user_id) values (179, '2021-07-23 02:24:24', 2, 6, 35);
insert into book2user (id, time, type_id, book_id, user_id) values (180, '2021-12-16 11:39:36', 4, 25, 7);
insert into book2user (id, time, type_id, book_id, user_id) values (181, '2022-02-07 13:22:34', 4, 651, 36);
insert into book2user (id, time, type_id, book_id, user_id) values (182, '2021-05-18 18:07:57', 3, 588, 35);
insert into book2user (id, time, type_id, book_id, user_id) values (183, '2021-08-08 09:09:36', 4, 354, 22);
insert into book2user (id, time, type_id, book_id, user_id) values (184, '2021-07-18 16:21:44', 4, 150, 41);
insert into book2user (id, time, type_id, book_id, user_id) values (185, '2021-11-28 21:34:02', 3, 208, 49);
insert into book2user (id, time, type_id, book_id, user_id) values (186, '2021-05-27 13:54:21', 1, 269, 6);
insert into book2user (id, time, type_id, book_id, user_id) values (187, '2021-08-06 03:02:11', 3, 600, 47);
insert into book2user (id, time, type_id, book_id, user_id) values (188, '2022-04-05 11:52:55', 4, 397, 9);
insert into book2user (id, time, type_id, book_id, user_id) values (189, '2021-06-25 14:23:54', 3, 345, 39);
insert into book2user (id, time, type_id, book_id, user_id) values (190, '2021-07-25 13:42:38', 3, 107, 18);
insert into book2user (id, time, type_id, book_id, user_id) values (191, '2022-02-23 03:13:18', 1, 610, 15);
insert into book2user (id, time, type_id, book_id, user_id) values (192, '2021-08-28 03:09:28', 1, 350, 22);
insert into book2user (id, time, type_id, book_id, user_id) values (193, '2021-12-25 23:56:42', 4, 184, 20);
insert into book2user (id, time, type_id, book_id, user_id) values (194, '2021-08-14 05:01:03', 4, 569, 13);
insert into book2user (id, time, type_id, book_id, user_id) values (195, '2021-11-22 04:13:35', 3, 655, 21);
insert into book2user (id, time, type_id, book_id, user_id) values (196, '2021-12-19 04:17:06', 2, 1, 40);
insert into book2user (id, time, type_id, book_id, user_id) values (197, '2021-04-15 11:35:53', 4, 400, 5);
insert into book2user (id, time, type_id, book_id, user_id) values (198, '2021-05-19 13:05:26', 3, 698, 1);
insert into book2user (id, time, type_id, book_id, user_id) values (199, '2022-03-28 13:08:16', 1, 222, 49);
insert into book2user (id, time, type_id, book_id, user_id) values (200, '2022-01-24 04:27:19', 4, 502, 11);
insert into book2user (id, time, type_id, book_id, user_id) values (201, '2021-05-25 04:00:45', 4, 625, 26);
insert into book2user (id, time, type_id, book_id, user_id) values (202, '2021-10-27 15:37:04', 4, 533, 31);
insert into book2user (id, time, type_id, book_id, user_id) values (203, '2022-02-19 05:47:02', 3, 466, 33);
insert into book2user (id, time, type_id, book_id, user_id) values (204, '2021-08-09 07:10:34', 2, 552, 23);
insert into book2user (id, time, type_id, book_id, user_id) values (205, '2021-06-08 14:52:50', 3, 47, 15);
insert into book2user (id, time, type_id, book_id, user_id) values (206, '2021-04-19 20:47:47', 2, 659, 46);
insert into book2user (id, time, type_id, book_id, user_id) values (207, '2021-12-09 14:05:26', 3, 424, 43);
insert into book2user (id, time, type_id, book_id, user_id) values (208, '2021-10-27 12:21:39', 4, 343, 29);
insert into book2user (id, time, type_id, book_id, user_id) values (209, '2021-06-23 03:41:15', 1, 605, 8);
insert into book2user (id, time, type_id, book_id, user_id) values (210, '2021-10-08 02:45:24', 4, 401, 25);
insert into book2user (id, time, type_id, book_id, user_id) values (211, '2021-10-23 22:21:23', 1, 33, 25);
insert into book2user (id, time, type_id, book_id, user_id) values (212, '2021-07-10 14:17:31', 2, 4, 15);
insert into book2user (id, time, type_id, book_id, user_id) values (213, '2022-01-25 09:01:03', 3, 327, 44);
insert into book2user (id, time, type_id, book_id, user_id) values (214, '2021-06-19 00:01:28', 2, 464, 6);
insert into book2user (id, time, type_id, book_id, user_id) values (215, '2021-11-10 03:28:19', 1, 678, 49);
insert into book2user (id, time, type_id, book_id, user_id) values (216, '2021-10-22 09:07:39', 2, 62, 37);
insert into book2user (id, time, type_id, book_id, user_id) values (217, '2021-11-29 01:40:09', 3, 580, 18);
insert into book2user (id, time, type_id, book_id, user_id) values (218, '2021-08-22 08:21:09', 3, 136, 25);
insert into book2user (id, time, type_id, book_id, user_id) values (219, '2021-11-12 07:48:27', 1, 110, 9);
insert into book2user (id, time, type_id, book_id, user_id) values (220, '2021-05-31 08:32:08', 2, 643, 22);
insert into book2user (id, time, type_id, book_id, user_id) values (221, '2021-10-18 21:55:47', 3, 586, 11);
insert into book2user (id, time, type_id, book_id, user_id) values (222, '2021-08-01 19:27:25', 3, 481, 31);
insert into book2user (id, time, type_id, book_id, user_id) values (223, '2021-07-02 02:04:38', 1, 222, 30);
insert into book2user (id, time, type_id, book_id, user_id) values (224, '2021-05-12 09:01:42', 1, 432, 43);
insert into book2user (id, time, type_id, book_id, user_id) values (225, '2022-02-01 12:23:41', 4, 216, 1);
insert into book2user (id, time, type_id, book_id, user_id) values (226, '2021-12-13 21:10:41', 4, 230, 45);
insert into book2user (id, time, type_id, book_id, user_id) values (227, '2022-03-30 22:14:51', 4, 495, 48);
insert into book2user (id, time, type_id, book_id, user_id) values (228, '2022-01-06 12:26:06', 2, 535, 32);
insert into book2user (id, time, type_id, book_id, user_id) values (229, '2021-04-16 21:33:26', 1, 677, 11);
insert into book2user (id, time, type_id, book_id, user_id) values (230, '2022-04-06 04:11:54', 1, 54, 44);
insert into book2user (id, time, type_id, book_id, user_id) values (231, '2021-09-03 16:54:44', 4, 372, 40);
insert into book2user (id, time, type_id, book_id, user_id) values (232, '2021-09-16 13:05:02', 4, 616, 48);
insert into book2user (id, time, type_id, book_id, user_id) values (233, '2021-04-20 04:13:10', 1, 416, 1);
insert into book2user (id, time, type_id, book_id, user_id) values (234, '2022-01-17 15:32:40', 3, 133, 49);
insert into book2user (id, time, type_id, book_id, user_id) values (235, '2021-06-11 00:26:23', 1, 695, 6);
insert into book2user (id, time, type_id, book_id, user_id) values (236, '2021-04-27 10:06:44', 4, 30, 16);
insert into book2user (id, time, type_id, book_id, user_id) values (237, '2022-02-18 02:55:52', 2, 682, 35);
insert into book2user (id, time, type_id, book_id, user_id) values (238, '2021-09-02 20:46:17', 1, 17, 6);
insert into book2user (id, time, type_id, book_id, user_id) values (239, '2021-04-26 15:52:14', 2, 497, 11);
insert into book2user (id, time, type_id, book_id, user_id) values (240, '2021-08-03 11:44:21', 3, 576, 35);
insert into book2user (id, time, type_id, book_id, user_id) values (241, '2022-03-17 21:34:15', 4, 361, 33);
insert into book2user (id, time, type_id, book_id, user_id) values (242, '2021-10-15 14:50:05', 3, 167, 49);
insert into book2user (id, time, type_id, book_id, user_id) values (243, '2021-05-19 08:09:42', 4, 525, 15);
insert into book2user (id, time, type_id, book_id, user_id) values (244, '2021-04-15 13:36:45', 2, 588, 21);
insert into book2user (id, time, type_id, book_id, user_id) values (245, '2022-01-17 17:08:22', 4, 496, 2);
insert into book2user (id, time, type_id, book_id, user_id) values (246, '2022-02-17 06:02:55', 2, 512, 47);
insert into book2user (id, time, type_id, book_id, user_id) values (247, '2021-04-10 19:38:11', 1, 214, 23);
insert into book2user (id, time, type_id, book_id, user_id) values (248, '2021-04-09 15:13:25', 3, 163, 8);
insert into book2user (id, time, type_id, book_id, user_id) values (249, '2021-10-16 15:16:52', 1, 669, 24);
insert into book2user (id, time, type_id, book_id, user_id) values (250, '2021-05-06 17:29:58', 1, 652, 14);
insert into book2user (id, time, type_id, book_id, user_id) values (251, '2021-08-30 19:54:41', 2, 40, 11);
insert into book2user (id, time, type_id, book_id, user_id) values (252, '2021-10-24 14:41:02', 4, 227, 44);
insert into book2user (id, time, type_id, book_id, user_id) values (253, '2021-07-06 12:07:02', 4, 639, 5);
insert into book2user (id, time, type_id, book_id, user_id) values (254, '2021-11-18 23:08:39', 1, 283, 41);
insert into book2user (id, time, type_id, book_id, user_id) values (255, '2022-02-24 22:19:41', 4, 378, 22);
insert into book2user (id, time, type_id, book_id, user_id) values (256, '2021-05-28 05:13:20', 1, 684, 50);
insert into book2user (id, time, type_id, book_id, user_id) values (257, '2021-07-01 14:56:30', 1, 318, 29);
insert into book2user (id, time, type_id, book_id, user_id) values (258, '2021-10-31 10:08:27', 1, 438, 9);
insert into book2user (id, time, type_id, book_id, user_id) values (259, '2021-05-03 14:58:10', 1, 647, 28);
insert into book2user (id, time, type_id, book_id, user_id) values (260, '2021-08-07 05:02:05', 2, 697, 37);
insert into book2user (id, time, type_id, book_id, user_id) values (261, '2022-01-25 00:05:21', 4, 185, 11);
insert into book2user (id, time, type_id, book_id, user_id) values (262, '2021-08-19 01:43:17', 1, 533, 21);
insert into book2user (id, time, type_id, book_id, user_id) values (263, '2022-01-09 07:37:11', 1, 163, 39);
insert into book2user (id, time, type_id, book_id, user_id) values (264, '2022-03-25 11:32:58', 2, 300, 28);
insert into book2user (id, time, type_id, book_id, user_id) values (265, '2022-03-21 11:30:56', 3, 349, 4);
insert into book2user (id, time, type_id, book_id, user_id) values (266, '2021-07-12 07:34:31', 4, 272, 35);
insert into book2user (id, time, type_id, book_id, user_id) values (267, '2021-08-20 22:02:36', 1, 327, 35);
insert into book2user (id, time, type_id, book_id, user_id) values (268, '2021-12-27 11:58:38', 4, 296, 28);
insert into book2user (id, time, type_id, book_id, user_id) values (269, '2022-02-02 02:49:30', 1, 370, 31);
insert into book2user (id, time, type_id, book_id, user_id) values (270, '2021-06-27 23:55:17', 1, 184, 1);
insert into book2user (id, time, type_id, book_id, user_id) values (271, '2021-10-13 04:58:08', 3, 633, 48);
insert into book2user (id, time, type_id, book_id, user_id) values (272, '2021-04-16 08:16:18', 3, 186, 1);
insert into book2user (id, time, type_id, book_id, user_id) values (273, '2021-09-09 23:26:58', 3, 616, 35);
insert into book2user (id, time, type_id, book_id, user_id) values (274, '2021-05-16 22:43:12', 1, 232, 24);
insert into book2user (id, time, type_id, book_id, user_id) values (275, '2021-08-23 01:59:00', 2, 423, 48);
insert into book2user (id, time, type_id, book_id, user_id) values (276, '2022-03-01 08:02:15', 1, 291, 18);
insert into book2user (id, time, type_id, book_id, user_id) values (277, '2021-10-14 14:40:16', 2, 418, 42);
insert into book2user (id, time, type_id, book_id, user_id) values (278, '2022-02-21 02:41:26', 3, 45, 27);
insert into book2user (id, time, type_id, book_id, user_id) values (279, '2021-08-05 20:06:51', 1, 331, 14);
insert into book2user (id, time, type_id, book_id, user_id) values (280, '2021-04-12 22:06:17', 3, 287, 46);
insert into book2user (id, time, type_id, book_id, user_id) values (281, '2022-01-31 03:12:49', 3, 429, 29);
insert into book2user (id, time, type_id, book_id, user_id) values (282, '2021-12-29 17:51:17', 2, 16, 46);
insert into book2user (id, time, type_id, book_id, user_id) values (283, '2022-01-11 18:35:11', 3, 28, 34);
insert into book2user (id, time, type_id, book_id, user_id) values (284, '2021-05-24 02:07:49', 2, 462, 35);
insert into book2user (id, time, type_id, book_id, user_id) values (285, '2021-10-03 06:13:27', 3, 203, 13);
insert into book2user (id, time, type_id, book_id, user_id) values (286, '2021-09-30 06:32:23', 3, 39, 29);
insert into book2user (id, time, type_id, book_id, user_id) values (287, '2021-10-13 19:08:22', 3, 155, 19);
insert into book2user (id, time, type_id, book_id, user_id) values (288, '2022-03-07 23:03:09', 4, 144, 41);
insert into book2user (id, time, type_id, book_id, user_id) values (289, '2021-11-27 13:00:35', 4, 335, 3);
insert into book2user (id, time, type_id, book_id, user_id) values (290, '2021-11-02 02:40:10', 3, 428, 47);
insert into book2user (id, time, type_id, book_id, user_id) values (291, '2021-09-15 21:49:50', 1, 506, 42);
insert into book2user (id, time, type_id, book_id, user_id) values (292, '2021-10-13 11:09:24', 3, 133, 27);
insert into book2user (id, time, type_id, book_id, user_id) values (293, '2021-08-25 12:38:51', 3, 66, 25);
insert into book2user (id, time, type_id, book_id, user_id) values (294, '2021-04-29 19:29:46', 1, 527, 31);
insert into book2user (id, time, type_id, book_id, user_id) values (295, '2021-09-20 09:49:55', 4, 319, 2);
insert into book2user (id, time, type_id, book_id, user_id) values (296, '2021-07-31 03:52:02', 4, 18, 48);
insert into book2user (id, time, type_id, book_id, user_id) values (297, '2021-09-29 14:00:42', 4, 624, 46);
insert into book2user (id, time, type_id, book_id, user_id) values (298, '2022-02-25 16:54:12', 2, 2, 4);
insert into book2user (id, time, type_id, book_id, user_id) values (299, '2021-06-13 19:50:27', 4, 667, 34);
insert into book2user (id, time, type_id, book_id, user_id) values (300, '2021-09-20 18:25:05', 3, 641, 22);
insert into book2user (id, time, type_id, book_id, user_id) values (301, '2021-11-21 01:57:14', 1, 308, 7);
insert into book2user (id, time, type_id, book_id, user_id) values (302, '2021-10-20 18:06:41', 4, 33, 46);
insert into book2user (id, time, type_id, book_id, user_id) values (303, '2021-05-20 11:02:42', 2, 322, 34);
insert into book2user (id, time, type_id, book_id, user_id) values (304, '2021-09-11 02:20:02', 3, 688, 9);
insert into book2user (id, time, type_id, book_id, user_id) values (305, '2021-07-20 04:08:36', 3, 307, 3);
insert into book2user (id, time, type_id, book_id, user_id) values (306, '2022-03-18 05:00:56', 4, 612, 44);
insert into book2user (id, time, type_id, book_id, user_id) values (307, '2022-03-23 15:49:32', 3, 582, 4);
insert into book2user (id, time, type_id, book_id, user_id) values (308, '2021-08-09 23:29:24', 4, 674, 38);
insert into book2user (id, time, type_id, book_id, user_id) values (309, '2021-10-13 00:33:55', 3, 425, 3);
insert into book2user (id, time, type_id, book_id, user_id) values (310, '2022-02-14 04:27:28', 4, 423, 50);
insert into book2user (id, time, type_id, book_id, user_id) values (311, '2021-10-15 11:22:49', 2, 483, 22);
insert into book2user (id, time, type_id, book_id, user_id) values (312, '2021-07-27 17:58:03', 1, 664, 17);
insert into book2user (id, time, type_id, book_id, user_id) values (313, '2021-06-22 03:44:06', 2, 387, 47);
insert into book2user (id, time, type_id, book_id, user_id) values (314, '2021-12-03 15:32:23', 1, 691, 42);
insert into book2user (id, time, type_id, book_id, user_id) values (315, '2022-02-02 14:17:35', 1, 432, 3);
insert into book2user (id, time, type_id, book_id, user_id) values (316, '2021-09-22 00:11:31', 3, 441, 3);
insert into book2user (id, time, type_id, book_id, user_id) values (317, '2022-03-31 08:36:59', 4, 635, 33);
insert into book2user (id, time, type_id, book_id, user_id) values (318, '2022-04-07 05:18:06', 1, 553, 34);
insert into book2user (id, time, type_id, book_id, user_id) values (319, '2022-03-29 10:10:29', 1, 208, 5);
insert into book2user (id, time, type_id, book_id, user_id) values (320, '2022-03-09 16:14:27', 1, 24, 49);
insert into book2user (id, time, type_id, book_id, user_id) values (321, '2021-12-27 08:33:08', 4, 622, 16);
insert into book2user (id, time, type_id, book_id, user_id) values (322, '2022-01-17 22:31:33', 4, 182, 2);
insert into book2user (id, time, type_id, book_id, user_id) values (323, '2021-12-08 22:56:57', 4, 355, 39);
insert into book2user (id, time, type_id, book_id, user_id) values (324, '2021-09-30 11:24:10', 2, 21, 10);
insert into book2user (id, time, type_id, book_id, user_id) values (325, '2021-11-30 19:49:14', 4, 399, 33);
insert into book2user (id, time, type_id, book_id, user_id) values (326, '2022-02-18 11:48:21', 1, 345, 27);
insert into book2user (id, time, type_id, book_id, user_id) values (327, '2022-01-18 13:35:28', 2, 488, 47);
insert into book2user (id, time, type_id, book_id, user_id) values (328, '2021-08-21 14:08:31', 1, 596, 19);
insert into book2user (id, time, type_id, book_id, user_id) values (329, '2022-01-09 03:03:37', 3, 160, 49);
insert into book2user (id, time, type_id, book_id, user_id) values (330, '2021-06-16 13:10:23', 3, 290, 3);
insert into book2user (id, time, type_id, book_id, user_id) values (331, '2021-12-02 13:10:02', 2, 106, 27);
insert into book2user (id, time, type_id, book_id, user_id) values (332, '2021-07-21 11:33:39', 3, 301, 32);
insert into book2user (id, time, type_id, book_id, user_id) values (333, '2022-01-20 01:20:58', 2, 687, 44);
insert into book2user (id, time, type_id, book_id, user_id) values (334, '2021-04-29 16:45:44', 1, 520, 26);
insert into book2user (id, time, type_id, book_id, user_id) values (335, '2021-11-03 20:41:41', 2, 332, 16);
insert into book2user (id, time, type_id, book_id, user_id) values (336, '2021-06-15 18:10:27', 2, 291, 30);
insert into book2user (id, time, type_id, book_id, user_id) values (337, '2021-11-01 08:46:16', 2, 280, 1);
insert into book2user (id, time, type_id, book_id, user_id) values (338, '2021-12-15 14:25:59', 3, 335, 39);
insert into book2user (id, time, type_id, book_id, user_id) values (339, '2021-09-01 22:04:03', 2, 102, 47);
insert into book2user (id, time, type_id, book_id, user_id) values (340, '2021-11-03 11:24:07', 3, 27, 50);
insert into book2user (id, time, type_id, book_id, user_id) values (341, '2022-01-11 17:49:08', 3, 57, 38);
insert into book2user (id, time, type_id, book_id, user_id) values (342, '2021-05-12 07:01:39', 3, 335, 21);
insert into book2user (id, time, type_id, book_id, user_id) values (343, '2021-10-26 09:40:09', 4, 525, 27);
insert into book2user (id, time, type_id, book_id, user_id) values (344, '2022-03-10 00:13:21', 2, 448, 17);
insert into book2user (id, time, type_id, book_id, user_id) values (345, '2022-01-09 23:54:58', 3, 210, 9);
insert into book2user (id, time, type_id, book_id, user_id) values (346, '2021-07-05 03:32:45', 1, 500, 17);
insert into book2user (id, time, type_id, book_id, user_id) values (347, '2021-07-22 04:47:54', 3, 261, 18);
insert into book2user (id, time, type_id, book_id, user_id) values (348, '2022-03-08 05:56:32', 2, 608, 29);
insert into book2user (id, time, type_id, book_id, user_id) values (349, '2021-05-08 04:17:39', 3, 4, 47);
insert into book2user (id, time, type_id, book_id, user_id) values (350, '2021-04-09 22:53:21', 1, 195, 14);
insert into book2user (id, time, type_id, book_id, user_id) values (351, '2022-02-22 09:55:21', 3, 679, 36);
insert into book2user (id, time, type_id, book_id, user_id) values (352, '2021-08-16 08:03:30', 3, 607, 1);
insert into book2user (id, time, type_id, book_id, user_id) values (353, '2021-11-20 18:13:18', 3, 632, 36);
insert into book2user (id, time, type_id, book_id, user_id) values (354, '2021-12-02 12:01:32', 4, 87, 35);
insert into book2user (id, time, type_id, book_id, user_id) values (355, '2021-05-19 07:33:34', 4, 557, 45);
insert into book2user (id, time, type_id, book_id, user_id) values (356, '2022-02-17 20:51:17', 1, 518, 17);
insert into book2user (id, time, type_id, book_id, user_id) values (357, '2022-03-15 11:48:53', 2, 66, 3);
insert into book2user (id, time, type_id, book_id, user_id) values (358, '2021-10-07 06:20:34', 2, 227, 1);
insert into book2user (id, time, type_id, book_id, user_id) values (359, '2021-11-21 23:41:43', 3, 427, 2);
insert into book2user (id, time, type_id, book_id, user_id) values (360, '2021-12-31 14:42:16', 1, 180, 28);
insert into book2user (id, time, type_id, book_id, user_id) values (361, '2021-05-18 21:48:42', 2, 473, 12);
insert into book2user (id, time, type_id, book_id, user_id) values (362, '2021-09-08 05:25:20', 4, 593, 10);
insert into book2user (id, time, type_id, book_id, user_id) values (363, '2021-05-01 21:43:27', 2, 189, 48);
insert into book2user (id, time, type_id, book_id, user_id) values (364, '2021-09-30 06:05:11', 4, 189, 4);
insert into book2user (id, time, type_id, book_id, user_id) values (365, '2021-08-01 22:39:57', 4, 96, 14);
insert into book2user (id, time, type_id, book_id, user_id) values (366, '2022-02-28 06:18:51', 2, 436, 40);
insert into book2user (id, time, type_id, book_id, user_id) values (367, '2021-04-16 06:40:46', 2, 347, 1);
insert into book2user (id, time, type_id, book_id, user_id) values (368, '2022-03-29 13:35:57', 2, 641, 11);
insert into book2user (id, time, type_id, book_id, user_id) values (369, '2022-01-21 00:17:17', 3, 220, 43);
insert into book2user (id, time, type_id, book_id, user_id) values (370, '2021-10-04 14:20:07', 2, 454, 19);
insert into book2user (id, time, type_id, book_id, user_id) values (371, '2021-12-02 20:16:00', 2, 124, 41);
insert into book2user (id, time, type_id, book_id, user_id) values (372, '2021-09-07 07:47:22', 3, 688, 40);
insert into book2user (id, time, type_id, book_id, user_id) values (373, '2022-03-08 13:49:22', 1, 96, 10);
insert into book2user (id, time, type_id, book_id, user_id) values (374, '2021-06-24 08:17:01', 3, 363, 28);
insert into book2user (id, time, type_id, book_id, user_id) values (375, '2021-09-04 02:15:32', 4, 188, 11);
insert into book2user (id, time, type_id, book_id, user_id) values (376, '2021-05-27 07:59:16', 2, 115, 42);
insert into book2user (id, time, type_id, book_id, user_id) values (377, '2022-02-20 23:01:38', 3, 353, 7);
insert into book2user (id, time, type_id, book_id, user_id) values (378, '2021-12-30 15:43:18', 4, 119, 28);
insert into book2user (id, time, type_id, book_id, user_id) values (379, '2021-06-03 09:34:09', 3, 357, 4);
insert into book2user (id, time, type_id, book_id, user_id) values (380, '2022-01-22 23:15:19', 3, 433, 10);
insert into book2user (id, time, type_id, book_id, user_id) values (381, '2022-03-03 13:35:02', 3, 346, 9);
insert into book2user (id, time, type_id, book_id, user_id) values (382, '2021-04-22 16:15:14', 1, 610, 33);
insert into book2user (id, time, type_id, book_id, user_id) values (383, '2021-08-30 15:10:07', 1, 520, 42);
insert into book2user (id, time, type_id, book_id, user_id) values (384, '2021-08-10 22:53:09', 4, 142, 28);
insert into book2user (id, time, type_id, book_id, user_id) values (385, '2021-10-23 04:04:48', 2, 128, 30);
insert into book2user (id, time, type_id, book_id, user_id) values (386, '2021-04-13 21:51:13', 4, 276, 5);
insert into book2user (id, time, type_id, book_id, user_id) values (387, '2021-07-22 10:59:05', 3, 226, 8);
insert into book2user (id, time, type_id, book_id, user_id) values (388, '2021-08-14 22:00:30', 3, 635, 24);
insert into book2user (id, time, type_id, book_id, user_id) values (389, '2022-03-14 16:59:00', 4, 332, 5);
insert into book2user (id, time, type_id, book_id, user_id) values (390, '2021-04-09 22:26:08', 2, 433, 32);
insert into book2user (id, time, type_id, book_id, user_id) values (391, '2021-05-24 22:11:57', 1, 456, 8);
insert into book2user (id, time, type_id, book_id, user_id) values (392, '2021-05-15 17:13:34', 2, 37, 15);
insert into book2user (id, time, type_id, book_id, user_id) values (393, '2021-06-05 10:00:16', 3, 341, 28);
insert into book2user (id, time, type_id, book_id, user_id) values (394, '2021-08-21 13:13:22', 4, 655, 20);
insert into book2user (id, time, type_id, book_id, user_id) values (395, '2021-12-15 10:47:40', 2, 307, 41);
insert into book2user (id, time, type_id, book_id, user_id) values (396, '2021-08-14 23:01:15', 1, 684, 13);
insert into book2user (id, time, type_id, book_id, user_id) values (397, '2021-04-24 19:02:07', 4, 551, 46);
insert into book2user (id, time, type_id, book_id, user_id) values (398, '2022-01-17 20:06:55', 1, 321, 14);
insert into book2user (id, time, type_id, book_id, user_id) values (399, '2021-08-09 08:32:34', 2, 442, 34);
insert into book2user (id, time, type_id, book_id, user_id) values (400, '2021-07-16 06:01:44', 3, 226, 7);
insert into book2user (id, time, type_id, book_id, user_id) values (401, '2021-10-13 09:02:25', 3, 280, 20);
insert into book2user (id, time, type_id, book_id, user_id) values (402, '2021-08-04 17:18:16', 1, 468, 36);
insert into book2user (id, time, type_id, book_id, user_id) values (403, '2021-09-12 18:20:03', 1, 15, 3);
insert into book2user (id, time, type_id, book_id, user_id) values (404, '2021-11-15 17:43:37', 1, 678, 33);
insert into book2user (id, time, type_id, book_id, user_id) values (405, '2021-09-28 15:19:37', 2, 37, 20);
insert into book2user (id, time, type_id, book_id, user_id) values (406, '2021-10-27 06:43:49', 3, 481, 47);
insert into book2user (id, time, type_id, book_id, user_id) values (407, '2021-06-11 23:57:14', 1, 462, 12);
insert into book2user (id, time, type_id, book_id, user_id) values (408, '2021-07-29 23:24:19', 2, 177, 50);
insert into book2user (id, time, type_id, book_id, user_id) values (409, '2021-05-14 23:10:32', 1, 463, 25);
insert into book2user (id, time, type_id, book_id, user_id) values (410, '2021-05-25 14:45:45', 1, 149, 45);
insert into book2user (id, time, type_id, book_id, user_id) values (411, '2021-09-06 19:42:22', 1, 529, 14);
insert into book2user (id, time, type_id, book_id, user_id) values (412, '2021-12-08 14:54:39', 4, 514, 15);
insert into book2user (id, time, type_id, book_id, user_id) values (413, '2021-04-14 06:04:07', 1, 473, 11);
insert into book2user (id, time, type_id, book_id, user_id) values (414, '2021-10-20 17:59:49', 3, 416, 47);
insert into book2user (id, time, type_id, book_id, user_id) values (415, '2021-08-11 15:11:35', 4, 533, 3);
insert into book2user (id, time, type_id, book_id, user_id) values (416, '2022-03-13 04:55:40', 4, 626, 26);
insert into book2user (id, time, type_id, book_id, user_id) values (417, '2021-06-17 03:57:34', 2, 568, 21);
insert into book2user (id, time, type_id, book_id, user_id) values (418, '2022-03-09 22:35:48', 4, 244, 35);
insert into book2user (id, time, type_id, book_id, user_id) values (419, '2021-08-30 21:03:13', 2, 338, 29);
insert into book2user (id, time, type_id, book_id, user_id) values (420, '2021-12-11 10:40:52', 1, 112, 7);
insert into book2user (id, time, type_id, book_id, user_id) values (421, '2021-07-07 09:40:08', 1, 326, 37);
insert into book2user (id, time, type_id, book_id, user_id) values (422, '2021-05-07 06:15:28', 3, 637, 38);
insert into book2user (id, time, type_id, book_id, user_id) values (423, '2021-06-16 13:35:39', 3, 106, 46);
insert into book2user (id, time, type_id, book_id, user_id) values (424, '2021-08-26 21:03:31', 2, 622, 10);
insert into book2user (id, time, type_id, book_id, user_id) values (425, '2021-10-09 03:40:12', 1, 647, 48);
insert into book2user (id, time, type_id, book_id, user_id) values (426, '2022-01-24 22:42:47', 4, 591, 37);
insert into book2user (id, time, type_id, book_id, user_id) values (427, '2021-04-27 22:01:50', 2, 137, 12);
insert into book2user (id, time, type_id, book_id, user_id) values (428, '2021-12-12 08:18:20', 4, 210, 23);
insert into book2user (id, time, type_id, book_id, user_id) values (429, '2021-08-22 09:48:28', 3, 51, 14);
insert into book2user (id, time, type_id, book_id, user_id) values (430, '2022-03-21 10:12:46', 3, 501, 4);
insert into book2user (id, time, type_id, book_id, user_id) values (431, '2021-12-01 10:04:51', 4, 309, 43);
insert into book2user (id, time, type_id, book_id, user_id) values (432, '2022-03-12 11:23:22', 4, 408, 40);
insert into book2user (id, time, type_id, book_id, user_id) values (433, '2021-06-28 14:21:01', 2, 601, 40);
insert into book2user (id, time, type_id, book_id, user_id) values (434, '2021-08-10 12:49:25', 1, 269, 19);
insert into book2user (id, time, type_id, book_id, user_id) values (435, '2021-08-27 13:07:52', 1, 403, 39);
insert into book2user (id, time, type_id, book_id, user_id) values (436, '2021-12-19 02:28:09', 1, 611, 38);
insert into book2user (id, time, type_id, book_id, user_id) values (437, '2021-07-04 00:26:52', 2, 77, 32);
insert into book2user (id, time, type_id, book_id, user_id) values (438, '2021-09-27 06:10:21', 3, 272, 40);
insert into book2user (id, time, type_id, book_id, user_id) values (439, '2021-12-26 11:38:51', 2, 406, 43);
insert into book2user (id, time, type_id, book_id, user_id) values (440, '2021-04-26 15:24:50', 2, 65, 12);
insert into book2user (id, time, type_id, book_id, user_id) values (441, '2021-11-17 06:55:36', 2, 566, 11);
insert into book2user (id, time, type_id, book_id, user_id) values (442, '2022-03-31 12:34:04', 4, 298, 19);
insert into book2user (id, time, type_id, book_id, user_id) values (443, '2021-10-24 05:44:17', 4, 666, 40);
insert into book2user (id, time, type_id, book_id, user_id) values (444, '2021-11-04 05:03:25', 2, 545, 34);
insert into book2user (id, time, type_id, book_id, user_id) values (445, '2022-03-19 17:45:15', 3, 137, 34);
insert into book2user (id, time, type_id, book_id, user_id) values (446, '2021-07-25 17:44:21', 1, 479, 17);
insert into book2user (id, time, type_id, book_id, user_id) values (447, '2021-07-21 22:59:23', 2, 380, 22);
insert into book2user (id, time, type_id, book_id, user_id) values (448, '2021-12-18 09:49:13', 1, 531, 20);
insert into book2user (id, time, type_id, book_id, user_id) values (449, '2022-03-07 18:58:45', 2, 665, 21);
insert into book2user (id, time, type_id, book_id, user_id) values (450, '2022-02-02 04:47:46', 3, 128, 11);
insert into book2user (id, time, type_id, book_id, user_id) values (451, '2021-12-09 08:42:23', 2, 385, 33);
insert into book2user (id, time, type_id, book_id, user_id) values (452, '2021-05-06 14:55:57', 3, 182, 36);
insert into book2user (id, time, type_id, book_id, user_id) values (453, '2022-02-05 17:42:22', 2, 459, 29);
insert into book2user (id, time, type_id, book_id, user_id) values (454, '2021-09-26 21:40:22', 2, 275, 43);
insert into book2user (id, time, type_id, book_id, user_id) values (455, '2021-12-27 22:47:59', 4, 88, 50);
insert into book2user (id, time, type_id, book_id, user_id) values (456, '2021-05-15 01:26:51', 1, 459, 15);
insert into book2user (id, time, type_id, book_id, user_id) values (457, '2021-05-10 09:14:35', 4, 649, 38);
insert into book2user (id, time, type_id, book_id, user_id) values (458, '2021-11-26 02:08:20', 2, 293, 36);
insert into book2user (id, time, type_id, book_id, user_id) values (459, '2022-01-13 05:28:34', 1, 222, 29);
insert into book2user (id, time, type_id, book_id, user_id) values (460, '2021-11-08 01:00:48', 3, 664, 36);
insert into book2user (id, time, type_id, book_id, user_id) values (461, '2021-05-04 13:45:09', 3, 76, 43);
insert into book2user (id, time, type_id, book_id, user_id) values (462, '2021-04-20 01:56:58', 4, 601, 22);
insert into book2user (id, time, type_id, book_id, user_id) values (463, '2022-03-19 18:37:35', 1, 38, 43);
insert into book2user (id, time, type_id, book_id, user_id) values (464, '2021-04-24 01:13:15', 3, 169, 1);
insert into book2user (id, time, type_id, book_id, user_id) values (465, '2022-02-20 09:45:53', 3, 646, 12);
insert into book2user (id, time, type_id, book_id, user_id) values (466, '2021-10-14 19:24:07', 3, 100, 34);
insert into book2user (id, time, type_id, book_id, user_id) values (467, '2022-01-25 19:14:00', 3, 332, 46);
insert into book2user (id, time, type_id, book_id, user_id) values (468, '2022-03-24 14:24:15', 2, 639, 33);
insert into book2user (id, time, type_id, book_id, user_id) values (469, '2022-02-24 04:15:34', 4, 243, 21);
insert into book2user (id, time, type_id, book_id, user_id) values (470, '2021-07-08 19:45:32', 2, 349, 44);
insert into book2user (id, time, type_id, book_id, user_id) values (471, '2022-02-19 01:58:43', 2, 585, 24);
insert into book2user (id, time, type_id, book_id, user_id) values (472, '2021-05-10 06:54:42', 3, 655, 26);
insert into book2user (id, time, type_id, book_id, user_id) values (473, '2021-05-01 06:46:57', 3, 302, 19);
insert into book2user (id, time, type_id, book_id, user_id) values (474, '2021-07-07 13:50:54', 1, 150, 10);
insert into book2user (id, time, type_id, book_id, user_id) values (475, '2021-10-28 13:54:44', 1, 605, 45);
insert into book2user (id, time, type_id, book_id, user_id) values (476, '2022-01-26 06:34:27', 2, 471, 34);
insert into book2user (id, time, type_id, book_id, user_id) values (477, '2021-10-20 02:04:29', 2, 311, 44);
insert into book2user (id, time, type_id, book_id, user_id) values (478, '2021-07-24 21:23:29', 2, 356, 14);
insert into book2user (id, time, type_id, book_id, user_id) values (479, '2021-10-27 06:32:34', 4, 403, 3);
insert into book2user (id, time, type_id, book_id, user_id) values (480, '2021-06-27 04:45:23', 2, 115, 41);
insert into book2user (id, time, type_id, book_id, user_id) values (481, '2021-05-05 01:05:17', 3, 410, 9);
insert into book2user (id, time, type_id, book_id, user_id) values (482, '2021-10-01 07:31:08', 1, 603, 40);
insert into book2user (id, time, type_id, book_id, user_id) values (483, '2021-11-30 08:41:36', 4, 313, 42);
insert into book2user (id, time, type_id, book_id, user_id) values (484, '2021-04-11 06:29:54', 3, 406, 39);
insert into book2user (id, time, type_id, book_id, user_id) values (485, '2022-03-22 13:48:23', 2, 355, 28);
insert into book2user (id, time, type_id, book_id, user_id) values (486, '2021-08-05 09:20:46', 3, 108, 13);
insert into book2user (id, time, type_id, book_id, user_id) values (487, '2022-03-11 06:46:48', 3, 61, 30);
insert into book2user (id, time, type_id, book_id, user_id) values (488, '2021-09-20 17:35:51', 4, 52, 33);
insert into book2user (id, time, type_id, book_id, user_id) values (489, '2021-04-14 18:55:43', 4, 438, 15);
insert into book2user (id, time, type_id, book_id, user_id) values (490, '2022-03-06 16:49:12', 2, 455, 30);
insert into book2user (id, time, type_id, book_id, user_id) values (491, '2021-09-10 00:31:22', 2, 214, 28);
insert into book2user (id, time, type_id, book_id, user_id) values (492, '2021-10-30 16:25:07', 3, 387, 46);
insert into book2user (id, time, type_id, book_id, user_id) values (493, '2022-01-22 20:28:55', 1, 678, 20);
insert into book2user (id, time, type_id, book_id, user_id) values (494, '2022-01-15 09:45:05', 3, 594, 20);
insert into book2user (id, time, type_id, book_id, user_id) values (495, '2021-04-15 21:17:24', 4, 578, 10);
insert into book2user (id, time, type_id, book_id, user_id) values (496, '2022-02-18 16:48:10', 4, 535, 8);
insert into book2user (id, time, type_id, book_id, user_id) values (497, '2021-10-04 15:09:52', 2, 669, 46);
insert into book2user (id, time, type_id, book_id, user_id) values (498, '2022-01-19 11:01:29', 4, 96, 5);
insert into book2user (id, time, type_id, book_id, user_id) values (499, '2021-08-02 23:49:08', 2, 350, 7);
insert into book2user (id, time, type_id, book_id, user_id) values (500, '2021-07-27 06:03:06', 1, 489, 18);
insert into book2user (id, time, type_id, book_id, user_id) values (501, '2022-03-28 15:20:24', 2, 12, 29);
insert into book2user (id, time, type_id, book_id, user_id) values (502, '2022-03-24 23:18:51', 1, 152, 49);
insert into book2user (id, time, type_id, book_id, user_id) values (503, '2022-02-06 22:41:49', 2, 290, 7);
insert into book2user (id, time, type_id, book_id, user_id) values (504, '2021-08-09 03:00:50', 4, 177, 45);
insert into book2user (id, time, type_id, book_id, user_id) values (505, '2021-06-20 04:03:35', 2, 302, 43);
insert into book2user (id, time, type_id, book_id, user_id) values (506, '2022-01-03 07:19:03', 2, 581, 44);
insert into book2user (id, time, type_id, book_id, user_id) values (507, '2022-01-21 00:51:58', 4, 516, 22);
insert into book2user (id, time, type_id, book_id, user_id) values (508, '2022-02-01 08:07:05', 4, 492, 23);
insert into book2user (id, time, type_id, book_id, user_id) values (509, '2022-03-31 01:57:09', 2, 677, 23);
insert into book2user (id, time, type_id, book_id, user_id) values (510, '2021-10-07 05:15:31', 3, 432, 28);
insert into book2user (id, time, type_id, book_id, user_id) values (511, '2021-11-19 03:31:16', 3, 53, 10);
insert into book2user (id, time, type_id, book_id, user_id) values (512, '2021-04-15 14:32:27', 1, 539, 17);
insert into book2user (id, time, type_id, book_id, user_id) values (513, '2022-02-08 22:12:29', 1, 20, 47);
insert into book2user (id, time, type_id, book_id, user_id) values (514, '2021-07-13 22:27:31', 4, 628, 3);
insert into book2user (id, time, type_id, book_id, user_id) values (515, '2021-07-27 07:52:30', 1, 216, 7);
insert into book2user (id, time, type_id, book_id, user_id) values (516, '2022-02-19 12:33:11', 1, 659, 12);
insert into book2user (id, time, type_id, book_id, user_id) values (517, '2021-07-18 10:43:50', 1, 313, 30);
insert into book2user (id, time, type_id, book_id, user_id) values (518, '2022-03-07 01:46:13', 4, 159, 5);
insert into book2user (id, time, type_id, book_id, user_id) values (519, '2022-02-02 13:57:16', 3, 647, 40);
insert into book2user (id, time, type_id, book_id, user_id) values (520, '2021-06-10 14:41:35', 3, 510, 15);
insert into book2user (id, time, type_id, book_id, user_id) values (521, '2021-12-12 20:38:20', 4, 448, 49);
insert into book2user (id, time, type_id, book_id, user_id) values (522, '2021-10-09 21:51:58', 4, 77, 4);
insert into book2user (id, time, type_id, book_id, user_id) values (523, '2022-02-12 17:53:32', 2, 330, 4);
insert into book2user (id, time, type_id, book_id, user_id) values (524, '2022-03-04 14:57:25', 1, 253, 12);
insert into book2user (id, time, type_id, book_id, user_id) values (525, '2021-08-28 00:35:18', 3, 364, 42);
insert into book2user (id, time, type_id, book_id, user_id) values (526, '2021-04-21 09:03:14', 1, 631, 6);
insert into book2user (id, time, type_id, book_id, user_id) values (527, '2021-05-09 04:20:18', 4, 103, 4);
insert into book2user (id, time, type_id, book_id, user_id) values (528, '2021-09-20 18:26:17', 3, 657, 12);
insert into book2user (id, time, type_id, book_id, user_id) values (529, '2021-04-19 10:24:38', 4, 644, 35);
insert into book2user (id, time, type_id, book_id, user_id) values (530, '2021-06-04 22:03:17', 2, 471, 12);
insert into book2user (id, time, type_id, book_id, user_id) values (531, '2021-11-02 14:49:29', 2, 505, 34);
insert into book2user (id, time, type_id, book_id, user_id) values (532, '2021-10-26 23:52:23', 3, 438, 10);
insert into book2user (id, time, type_id, book_id, user_id) values (533, '2021-08-04 21:18:39', 2, 643, 40);
insert into book2user (id, time, type_id, book_id, user_id) values (534, '2022-03-17 18:33:52', 2, 581, 1);
insert into book2user (id, time, type_id, book_id, user_id) values (535, '2021-06-02 17:55:01', 3, 465, 41);
insert into book2user (id, time, type_id, book_id, user_id) values (536, '2021-08-21 21:48:45', 3, 461, 4);
insert into book2user (id, time, type_id, book_id, user_id) values (537, '2022-01-25 13:59:15', 3, 641, 48);
insert into book2user (id, time, type_id, book_id, user_id) values (538, '2021-10-12 15:17:49', 3, 253, 30);
insert into book2user (id, time, type_id, book_id, user_id) values (539, '2022-03-31 11:10:08', 3, 363, 15);
insert into book2user (id, time, type_id, book_id, user_id) values (540, '2021-08-28 15:59:34', 3, 392, 4);
insert into book2user (id, time, type_id, book_id, user_id) values (541, '2021-09-27 00:10:33', 4, 98, 22);
insert into book2user (id, time, type_id, book_id, user_id) values (542, '2022-02-13 12:18:58', 1, 447, 7);
insert into book2user (id, time, type_id, book_id, user_id) values (543, '2021-11-23 12:04:22', 4, 518, 18);
insert into book2user (id, time, type_id, book_id, user_id) values (544, '2021-06-23 03:24:32', 4, 539, 28);
insert into book2user (id, time, type_id, book_id, user_id) values (545, '2021-05-02 02:46:10', 3, 596, 8);
insert into book2user (id, time, type_id, book_id, user_id) values (546, '2022-04-03 08:57:35', 1, 225, 24);
insert into book2user (id, time, type_id, book_id, user_id) values (547, '2021-11-25 21:17:46', 4, 639, 48);
insert into book2user (id, time, type_id, book_id, user_id) values (548, '2021-11-27 18:56:08', 4, 86, 16);
insert into book2user (id, time, type_id, book_id, user_id) values (549, '2022-03-18 07:09:55', 4, 268, 37);
insert into book2user (id, time, type_id, book_id, user_id) values (550, '2022-02-15 12:33:52', 3, 60, 35);
insert into book2user (id, time, type_id, book_id, user_id) values (551, '2021-04-23 13:09:59', 2, 580, 28);
insert into book2user (id, time, type_id, book_id, user_id) values (552, '2021-09-05 17:49:59', 3, 80, 20);
insert into book2user (id, time, type_id, book_id, user_id) values (553, '2021-07-30 03:05:09', 1, 186, 16);
insert into book2user (id, time, type_id, book_id, user_id) values (554, '2021-06-11 17:09:17', 3, 94, 43);
insert into book2user (id, time, type_id, book_id, user_id) values (555, '2021-12-30 03:15:27', 1, 115, 7);
insert into book2user (id, time, type_id, book_id, user_id) values (556, '2021-05-01 22:38:43', 3, 412, 13);
insert into book2user (id, time, type_id, book_id, user_id) values (557, '2022-03-27 23:03:50', 4, 355, 40);
insert into book2user (id, time, type_id, book_id, user_id) values (558, '2021-12-10 22:09:37', 3, 222, 44);
insert into book2user (id, time, type_id, book_id, user_id) values (559, '2021-12-28 00:44:14', 3, 507, 8);
insert into book2user (id, time, type_id, book_id, user_id) values (560, '2021-08-21 00:08:49', 3, 367, 46);
insert into book2user (id, time, type_id, book_id, user_id) values (561, '2022-03-04 02:29:13', 1, 652, 47);
insert into book2user (id, time, type_id, book_id, user_id) values (562, '2021-10-09 09:44:25', 3, 373, 29);
insert into book2user (id, time, type_id, book_id, user_id) values (563, '2021-06-20 22:01:46', 3, 29, 34);
insert into book2user (id, time, type_id, book_id, user_id) values (564, '2021-08-09 13:20:30', 4, 38, 29);
insert into book2user (id, time, type_id, book_id, user_id) values (565, '2022-01-31 23:53:38', 3, 85, 26);
insert into book2user (id, time, type_id, book_id, user_id) values (566, '2022-01-26 14:37:18', 1, 517, 17);
insert into book2user (id, time, type_id, book_id, user_id) values (567, '2021-05-07 03:37:27', 3, 10, 40);
insert into book2user (id, time, type_id, book_id, user_id) values (568, '2021-08-23 18:16:48', 1, 83, 19);
insert into book2user (id, time, type_id, book_id, user_id) values (569, '2021-12-01 14:44:58', 2, 517, 6);
insert into book2user (id, time, type_id, book_id, user_id) values (570, '2021-10-16 02:33:05', 2, 154, 36);
insert into book2user (id, time, type_id, book_id, user_id) values (571, '2021-05-31 16:57:28', 1, 320, 4);
insert into book2user (id, time, type_id, book_id, user_id) values (572, '2021-12-11 18:52:57', 4, 37, 36);
insert into book2user (id, time, type_id, book_id, user_id) values (573, '2021-05-28 01:06:25', 4, 573, 14);
insert into book2user (id, time, type_id, book_id, user_id) values (574, '2022-01-31 05:30:37', 4, 528, 22);
insert into book2user (id, time, type_id, book_id, user_id) values (575, '2021-05-30 14:13:46', 2, 525, 31);
insert into book2user (id, time, type_id, book_id, user_id) values (576, '2021-04-17 00:56:00', 3, 51, 8);
insert into book2user (id, time, type_id, book_id, user_id) values (577, '2022-02-20 14:02:38', 3, 69, 48);
insert into book2user (id, time, type_id, book_id, user_id) values (578, '2021-09-23 00:47:52', 3, 504, 31);
insert into book2user (id, time, type_id, book_id, user_id) values (579, '2021-07-06 10:02:55', 2, 182, 5);
insert into book2user (id, time, type_id, book_id, user_id) values (580, '2021-09-12 14:54:18', 3, 699, 38);
insert into book2user (id, time, type_id, book_id, user_id) values (581, '2021-05-04 05:57:12', 3, 581, 36);
insert into book2user (id, time, type_id, book_id, user_id) values (582, '2022-01-03 08:00:31', 2, 634, 13);
insert into book2user (id, time, type_id, book_id, user_id) values (583, '2021-06-27 10:37:17', 4, 44, 30);
insert into book2user (id, time, type_id, book_id, user_id) values (584, '2021-09-12 04:16:05', 1, 667, 47);
insert into book2user (id, time, type_id, book_id, user_id) values (585, '2021-07-01 14:03:12', 2, 342, 12);
insert into book2user (id, time, type_id, book_id, user_id) values (586, '2022-04-03 18:08:58', 1, 506, 28);
insert into book2user (id, time, type_id, book_id, user_id) values (587, '2021-08-26 04:19:08', 2, 148, 19);
insert into book2user (id, time, type_id, book_id, user_id) values (588, '2021-12-01 03:59:27', 1, 202, 50);
insert into book2user (id, time, type_id, book_id, user_id) values (589, '2021-12-22 18:54:24', 3, 612, 34);
insert into book2user (id, time, type_id, book_id, user_id) values (590, '2021-05-27 10:08:41', 2, 6, 12);
insert into book2user (id, time, type_id, book_id, user_id) values (591, '2021-04-30 22:43:22', 3, 444, 11);
insert into book2user (id, time, type_id, book_id, user_id) values (592, '2021-10-08 08:00:05', 3, 490, 35);
insert into book2user (id, time, type_id, book_id, user_id) values (593, '2021-10-06 15:06:34', 3, 374, 11);
insert into book2user (id, time, type_id, book_id, user_id) values (594, '2021-05-12 08:18:12', 3, 163, 32);
insert into book2user (id, time, type_id, book_id, user_id) values (595, '2021-05-14 19:02:56', 4, 387, 8);
insert into book2user (id, time, type_id, book_id, user_id) values (596, '2021-12-09 07:00:09', 1, 605, 4);
insert into book2user (id, time, type_id, book_id, user_id) values (597, '2022-03-08 20:09:10', 2, 389, 8);
insert into book2user (id, time, type_id, book_id, user_id) values (598, '2022-02-27 16:45:49', 3, 347, 45);
insert into book2user (id, time, type_id, book_id, user_id) values (599, '2021-05-10 11:55:15', 3, 23, 29);
insert into book2user (id, time, type_id, book_id, user_id) values (600, '2021-06-15 10:14:59', 3, 582, 23);
insert into book2user (id, time, type_id, book_id, user_id) values (601, '2022-02-05 10:15:40', 1, 407, 46);
insert into book2user (id, time, type_id, book_id, user_id) values (602, '2021-11-25 15:07:20', 1, 374, 21);
insert into book2user (id, time, type_id, book_id, user_id) values (603, '2021-10-14 20:23:08', 1, 539, 24);
insert into book2user (id, time, type_id, book_id, user_id) values (604, '2021-08-27 13:31:36', 2, 144, 21);
insert into book2user (id, time, type_id, book_id, user_id) values (605, '2022-03-19 05:15:23', 2, 473, 46);
insert into book2user (id, time, type_id, book_id, user_id) values (606, '2021-10-14 17:02:15', 4, 240, 30);
insert into book2user (id, time, type_id, book_id, user_id) values (607, '2021-06-14 07:59:59', 1, 441, 17);
insert into book2user (id, time, type_id, book_id, user_id) values (608, '2022-04-05 09:06:20', 4, 203, 10);
insert into book2user (id, time, type_id, book_id, user_id) values (609, '2021-05-29 23:47:39', 2, 249, 4);
insert into book2user (id, time, type_id, book_id, user_id) values (610, '2021-05-09 03:52:54', 2, 407, 3);
insert into book2user (id, time, type_id, book_id, user_id) values (611, '2021-08-12 23:12:13', 2, 580, 43);
insert into book2user (id, time, type_id, book_id, user_id) values (612, '2021-12-17 10:23:45', 1, 570, 24);
insert into book2user (id, time, type_id, book_id, user_id) values (613, '2021-08-25 09:25:08', 4, 521, 35);
insert into book2user (id, time, type_id, book_id, user_id) values (614, '2021-07-01 23:50:11', 1, 43, 11);
insert into book2user (id, time, type_id, book_id, user_id) values (615, '2022-03-24 18:00:48', 1, 247, 18);
insert into book2user (id, time, type_id, book_id, user_id) values (616, '2021-10-01 14:06:01', 3, 108, 3);
insert into book2user (id, time, type_id, book_id, user_id) values (617, '2021-05-22 14:28:16', 1, 382, 23);
insert into book2user (id, time, type_id, book_id, user_id) values (618, '2021-12-02 10:58:35', 3, 508, 37);
insert into book2user (id, time, type_id, book_id, user_id) values (619, '2022-02-03 13:23:19', 3, 634, 31);
insert into book2user (id, time, type_id, book_id, user_id) values (620, '2021-12-04 13:44:31', 1, 527, 15);
insert into book2user (id, time, type_id, book_id, user_id) values (621, '2022-03-10 20:58:49', 3, 225, 13);
insert into book2user (id, time, type_id, book_id, user_id) values (622, '2021-06-09 13:17:33', 1, 468, 34);
insert into book2user (id, time, type_id, book_id, user_id) values (623, '2021-05-07 14:53:33', 4, 644, 46);
insert into book2user (id, time, type_id, book_id, user_id) values (624, '2022-01-10 17:29:39', 3, 614, 10);
insert into book2user (id, time, type_id, book_id, user_id) values (625, '2021-07-11 19:12:36', 2, 684, 25);
insert into book2user (id, time, type_id, book_id, user_id) values (626, '2021-08-02 14:18:59', 2, 133, 30);
insert into book2user (id, time, type_id, book_id, user_id) values (627, '2021-08-25 00:32:05', 1, 285, 19);
insert into book2user (id, time, type_id, book_id, user_id) values (628, '2022-01-02 11:27:40', 1, 692, 4);
insert into book2user (id, time, type_id, book_id, user_id) values (629, '2021-11-22 23:46:59', 1, 158, 23);
insert into book2user (id, time, type_id, book_id, user_id) values (630, '2021-11-21 09:58:14', 3, 505, 31);
insert into book2user (id, time, type_id, book_id, user_id) values (631, '2021-07-01 10:21:20', 4, 517, 18);
insert into book2user (id, time, type_id, book_id, user_id) values (632, '2022-03-30 03:27:26', 1, 68, 49);
insert into book2user (id, time, type_id, book_id, user_id) values (633, '2021-06-08 12:15:26', 2, 422, 18);
insert into book2user (id, time, type_id, book_id, user_id) values (634, '2022-03-18 05:59:02', 2, 216, 20);
insert into book2user (id, time, type_id, book_id, user_id) values (635, '2021-07-06 00:11:02', 4, 665, 13);
insert into book2user (id, time, type_id, book_id, user_id) values (636, '2021-10-28 01:10:15', 2, 656, 46);
insert into book2user (id, time, type_id, book_id, user_id) values (637, '2021-12-04 04:44:35', 1, 648, 19);
insert into book2user (id, time, type_id, book_id, user_id) values (638, '2021-12-24 19:36:22', 1, 617, 11);
insert into book2user (id, time, type_id, book_id, user_id) values (639, '2022-02-05 10:15:11', 2, 610, 5);
insert into book2user (id, time, type_id, book_id, user_id) values (640, '2021-04-20 16:13:44', 2, 326, 30);
insert into book2user (id, time, type_id, book_id, user_id) values (641, '2021-06-14 20:55:01', 1, 585, 37);
insert into book2user (id, time, type_id, book_id, user_id) values (642, '2021-05-20 15:42:00', 3, 520, 37);
insert into book2user (id, time, type_id, book_id, user_id) values (643, '2021-10-02 02:59:33', 4, 690, 3);
insert into book2user (id, time, type_id, book_id, user_id) values (644, '2021-09-29 08:19:28', 2, 239, 50);
insert into book2user (id, time, type_id, book_id, user_id) values (645, '2022-01-19 11:54:38', 4, 591, 18);
insert into book2user (id, time, type_id, book_id, user_id) values (646, '2021-06-16 06:38:59', 2, 618, 44);
insert into book2user (id, time, type_id, book_id, user_id) values (647, '2021-06-13 02:39:04', 3, 267, 13);
insert into book2user (id, time, type_id, book_id, user_id) values (648, '2022-02-12 18:13:36', 4, 488, 48);
insert into book2user (id, time, type_id, book_id, user_id) values (649, '2021-10-01 16:10:32', 4, 261, 43);
insert into book2user (id, time, type_id, book_id, user_id) values (650, '2021-09-06 07:52:15', 4, 88, 12);
insert into book2user (id, time, type_id, book_id, user_id) values (651, '2021-08-29 05:03:41', 4, 402, 46);
insert into book2user (id, time, type_id, book_id, user_id) values (652, '2021-07-20 11:26:06', 1, 616, 12);
insert into book2user (id, time, type_id, book_id, user_id) values (653, '2021-09-02 21:09:23', 3, 177, 30);
insert into book2user (id, time, type_id, book_id, user_id) values (654, '2022-01-24 04:42:32', 1, 145, 16);
insert into book2user (id, time, type_id, book_id, user_id) values (655, '2021-12-07 19:01:07', 3, 593, 5);
insert into book2user (id, time, type_id, book_id, user_id) values (656, '2021-08-23 16:32:55', 2, 390, 9);
insert into book2user (id, time, type_id, book_id, user_id) values (657, '2022-04-01 01:23:58', 2, 150, 6);
insert into book2user (id, time, type_id, book_id, user_id) values (658, '2021-11-27 21:06:00', 4, 158, 11);
insert into book2user (id, time, type_id, book_id, user_id) values (659, '2021-07-06 15:46:48', 4, 167, 9);
insert into book2user (id, time, type_id, book_id, user_id) values (660, '2021-11-17 08:58:23', 1, 570, 16);
insert into book2user (id, time, type_id, book_id, user_id) values (661, '2021-10-21 12:36:24', 1, 201, 8);
insert into book2user (id, time, type_id, book_id, user_id) values (662, '2021-05-17 15:55:46', 2, 132, 1);
insert into book2user (id, time, type_id, book_id, user_id) values (663, '2021-11-27 03:21:57', 2, 219, 28);
insert into book2user (id, time, type_id, book_id, user_id) values (664, '2022-01-14 02:39:39', 3, 491, 12);
insert into book2user (id, time, type_id, book_id, user_id) values (665, '2021-05-27 18:50:41', 4, 345, 25);
insert into book2user (id, time, type_id, book_id, user_id) values (666, '2021-05-18 10:05:08', 1, 401, 36);
insert into book2user (id, time, type_id, book_id, user_id) values (667, '2021-09-09 00:35:39', 3, 205, 50);
insert into book2user (id, time, type_id, book_id, user_id) values (668, '2022-02-12 09:17:49', 4, 199, 29);
insert into book2user (id, time, type_id, book_id, user_id) values (669, '2021-07-12 05:10:00', 2, 437, 2);
insert into book2user (id, time, type_id, book_id, user_id) values (670, '2021-04-23 23:32:06', 2, 235, 26);
insert into book2user (id, time, type_id, book_id, user_id) values (671, '2021-12-11 15:18:52', 2, 132, 35);
insert into book2user (id, time, type_id, book_id, user_id) values (672, '2021-10-31 21:41:05', 2, 637, 38);
insert into book2user (id, time, type_id, book_id, user_id) values (673, '2021-07-13 20:44:46', 4, 391, 12);
insert into book2user (id, time, type_id, book_id, user_id) values (674, '2021-04-25 16:56:26', 3, 161, 3);
insert into book2user (id, time, type_id, book_id, user_id) values (675, '2022-01-28 17:50:01', 4, 260, 13);
insert into book2user (id, time, type_id, book_id, user_id) values (676, '2022-01-08 00:16:52', 4, 127, 26);
insert into book2user (id, time, type_id, book_id, user_id) values (677, '2021-07-01 14:35:59', 4, 353, 32);
insert into book2user (id, time, type_id, book_id, user_id) values (678, '2021-07-19 14:39:31', 2, 433, 30);
insert into book2user (id, time, type_id, book_id, user_id) values (679, '2021-07-22 12:53:55', 4, 98, 38);
insert into book2user (id, time, type_id, book_id, user_id) values (680, '2022-03-09 12:18:57', 2, 479, 2);
insert into book2user (id, time, type_id, book_id, user_id) values (681, '2022-01-09 01:37:10', 4, 150, 10);
insert into book2user (id, time, type_id, book_id, user_id) values (682, '2021-07-29 23:20:32', 4, 38, 42);
insert into book2user (id, time, type_id, book_id, user_id) values (683, '2021-08-09 08:14:41', 2, 219, 42);
insert into book2user (id, time, type_id, book_id, user_id) values (684, '2022-02-11 12:27:06', 1, 307, 5);
insert into book2user (id, time, type_id, book_id, user_id) values (685, '2021-09-05 12:45:07', 4, 294, 46);
insert into book2user (id, time, type_id, book_id, user_id) values (686, '2022-02-01 23:18:46', 3, 451, 10);
insert into book2user (id, time, type_id, book_id, user_id) values (687, '2021-11-18 16:52:23', 4, 593, 45);
insert into book2user (id, time, type_id, book_id, user_id) values (688, '2021-06-22 14:01:06', 3, 162, 11);
insert into book2user (id, time, type_id, book_id, user_id) values (689, '2021-05-03 03:29:23', 4, 16, 27);
insert into book2user (id, time, type_id, book_id, user_id) values (690, '2022-03-23 16:49:30', 4, 401, 28);
insert into book2user (id, time, type_id, book_id, user_id) values (691, '2021-07-18 19:54:23', 4, 78, 8);
insert into book2user (id, time, type_id, book_id, user_id) values (692, '2021-06-08 06:24:45', 1, 562, 12);
insert into book2user (id, time, type_id, book_id, user_id) values (693, '2021-10-02 01:56:24', 4, 205, 26);
insert into book2user (id, time, type_id, book_id, user_id) values (694, '2021-06-15 20:50:27', 3, 473, 39);
insert into book2user (id, time, type_id, book_id, user_id) values (695, '2021-08-09 21:19:06', 2, 608, 20);
insert into book2user (id, time, type_id, book_id, user_id) values (696, '2021-08-31 15:27:43', 4, 541, 17);
insert into book2user (id, time, type_id, book_id, user_id) values (697, '2022-03-24 11:02:25', 2, 557, 17);
insert into book2user (id, time, type_id, book_id, user_id) values (698, '2021-12-13 07:54:02', 2, 355, 3);
insert into book2user (id, time, type_id, book_id, user_id) values (699, '2021-08-01 07:20:57', 2, 629, 15);
insert into book2user (id, time, type_id, book_id, user_id) values (700, '2021-11-03 00:29:12', 2, 685, 6);
insert into book2user (id, time, type_id, book_id, user_id) values (701, '2021-06-14 11:15:49', 2, 498, 27);
insert into book2user (id, time, type_id, book_id, user_id) values (702, '2021-04-17 21:44:32', 2, 17, 40);
insert into book2user (id, time, type_id, book_id, user_id) values (703, '2022-01-02 07:02:37', 3, 299, 32);
insert into book2user (id, time, type_id, book_id, user_id) values (704, '2022-04-06 09:54:56', 1, 600, 34);
insert into book2user (id, time, type_id, book_id, user_id) values (705, '2021-10-29 19:12:03', 2, 189, 1);
insert into book2user (id, time, type_id, book_id, user_id) values (706, '2022-03-20 22:22:41', 1, 1, 36);
insert into book2user (id, time, type_id, book_id, user_id) values (707, '2022-03-10 06:34:27', 2, 89, 18);
insert into book2user (id, time, type_id, book_id, user_id) values (708, '2021-05-13 03:44:23', 1, 512, 30);
insert into book2user (id, time, type_id, book_id, user_id) values (709, '2021-07-05 02:58:35', 2, 37, 45);
insert into book2user (id, time, type_id, book_id, user_id) values (710, '2021-09-08 18:02:43', 4, 640, 2);
insert into book2user (id, time, type_id, book_id, user_id) values (711, '2021-08-20 08:32:15', 3, 73, 13);
insert into book2user (id, time, type_id, book_id, user_id) values (712, '2021-10-14 22:05:40', 1, 509, 2);
insert into book2user (id, time, type_id, book_id, user_id) values (713, '2021-06-21 16:05:06', 4, 164, 39);
insert into book2user (id, time, type_id, book_id, user_id) values (714, '2022-02-02 10:21:41', 1, 151, 4);
insert into book2user (id, time, type_id, book_id, user_id) values (715, '2021-10-30 00:17:20', 1, 476, 42);
insert into book2user (id, time, type_id, book_id, user_id) values (716, '2022-03-18 12:30:47', 3, 530, 38);
insert into book2user (id, time, type_id, book_id, user_id) values (717, '2022-01-01 05:50:25', 3, 650, 41);
insert into book2user (id, time, type_id, book_id, user_id) values (718, '2021-06-07 20:45:34', 2, 388, 6);
insert into book2user (id, time, type_id, book_id, user_id) values (719, '2022-01-21 00:37:59', 2, 487, 44);
insert into book2user (id, time, type_id, book_id, user_id) values (720, '2021-07-04 09:32:06', 3, 144, 22);
insert into book2user (id, time, type_id, book_id, user_id) values (721, '2021-09-30 11:23:38', 2, 531, 3);
insert into book2user (id, time, type_id, book_id, user_id) values (722, '2022-04-04 18:33:38', 1, 65, 27);
insert into book2user (id, time, type_id, book_id, user_id) values (723, '2021-07-28 03:07:36', 1, 675, 17);
insert into book2user (id, time, type_id, book_id, user_id) values (724, '2021-09-01 11:24:58', 4, 336, 21);
insert into book2user (id, time, type_id, book_id, user_id) values (725, '2021-06-05 22:26:12', 2, 307, 9);
insert into book2user (id, time, type_id, book_id, user_id) values (726, '2021-06-27 10:50:21', 3, 628, 44);
insert into book2user (id, time, type_id, book_id, user_id) values (727, '2021-12-26 20:03:41', 2, 690, 30);
insert into book2user (id, time, type_id, book_id, user_id) values (728, '2021-11-13 06:28:08', 1, 454, 45);
insert into book2user (id, time, type_id, book_id, user_id) values (729, '2021-09-03 00:36:55', 1, 628, 42);
insert into book2user (id, time, type_id, book_id, user_id) values (730, '2021-09-04 08:59:21', 4, 664, 43);
insert into book2user (id, time, type_id, book_id, user_id) values (731, '2021-07-05 01:09:53', 2, 266, 18);
insert into book2user (id, time, type_id, book_id, user_id) values (732, '2021-08-20 13:35:12', 3, 517, 6);
insert into book2user (id, time, type_id, book_id, user_id) values (733, '2022-01-08 11:57:34', 4, 201, 33);
insert into book2user (id, time, type_id, book_id, user_id) values (734, '2021-12-09 03:14:52', 1, 686, 1);
insert into book2user (id, time, type_id, book_id, user_id) values (735, '2021-07-18 03:13:51', 3, 256, 24);
insert into book2user (id, time, type_id, book_id, user_id) values (736, '2022-03-02 01:55:56', 3, 599, 22);
insert into book2user (id, time, type_id, book_id, user_id) values (737, '2021-08-27 18:42:20', 2, 191, 20);
insert into book2user (id, time, type_id, book_id, user_id) values (738, '2021-08-08 19:09:09', 4, 359, 4);
insert into book2user (id, time, type_id, book_id, user_id) values (739, '2021-09-18 13:48:13', 1, 592, 41);
insert into book2user (id, time, type_id, book_id, user_id) values (740, '2021-05-24 08:53:57', 3, 578, 44);
insert into book2user (id, time, type_id, book_id, user_id) values (741, '2022-03-11 03:19:01', 3, 338, 26);
insert into book2user (id, time, type_id, book_id, user_id) values (742, '2021-06-10 17:58:50', 2, 314, 46);
insert into book2user (id, time, type_id, book_id, user_id) values (743, '2022-03-24 11:47:08', 3, 442, 9);
insert into book2user (id, time, type_id, book_id, user_id) values (744, '2021-07-24 03:15:46', 1, 348, 3);
insert into book2user (id, time, type_id, book_id, user_id) values (745, '2021-12-14 20:44:40', 1, 330, 16);
insert into book2user (id, time, type_id, book_id, user_id) values (746, '2021-10-17 19:52:19', 1, 85, 21);
insert into book2user (id, time, type_id, book_id, user_id) values (747, '2021-08-19 22:54:33', 3, 532, 25);
insert into book2user (id, time, type_id, book_id, user_id) values (748, '2021-06-26 06:13:17', 4, 34, 37);
insert into book2user (id, time, type_id, book_id, user_id) values (749, '2021-11-10 02:57:40', 3, 355, 41);
insert into book2user (id, time, type_id, book_id, user_id) values (750, '2021-08-27 16:57:35', 1, 384, 34);
insert into book2user (id, time, type_id, book_id, user_id) values (751, '2021-07-03 17:06:15', 2, 453, 38);
insert into book2user (id, time, type_id, book_id, user_id) values (752, '2021-05-20 19:55:02', 1, 633, 27);
insert into book2user (id, time, type_id, book_id, user_id) values (753, '2021-07-05 05:47:21', 2, 177, 31);
insert into book2user (id, time, type_id, book_id, user_id) values (754, '2021-09-08 17:09:54', 1, 168, 23);
insert into book2user (id, time, type_id, book_id, user_id) values (755, '2021-08-12 18:25:22', 1, 123, 36);
insert into book2user (id, time, type_id, book_id, user_id) values (756, '2021-11-11 02:12:37', 3, 55, 3);
insert into book2user (id, time, type_id, book_id, user_id) values (757, '2021-04-16 12:34:39', 3, 368, 24);
insert into book2user (id, time, type_id, book_id, user_id) values (758, '2021-04-24 23:57:06', 4, 668, 41);
insert into book2user (id, time, type_id, book_id, user_id) values (759, '2022-01-30 13:17:27', 3, 340, 17);
insert into book2user (id, time, type_id, book_id, user_id) values (760, '2021-04-14 05:04:58', 2, 443, 42);
insert into book2user (id, time, type_id, book_id, user_id) values (761, '2022-03-03 16:05:25', 1, 477, 24);
insert into book2user (id, time, type_id, book_id, user_id) values (762, '2021-10-14 16:53:07', 1, 99, 49);
insert into book2user (id, time, type_id, book_id, user_id) values (763, '2021-07-22 08:59:28', 3, 232, 7);
insert into book2user (id, time, type_id, book_id, user_id) values (764, '2021-04-09 10:49:16', 4, 293, 33);
insert into book2user (id, time, type_id, book_id, user_id) values (765, '2021-05-07 17:04:58', 4, 245, 41);
insert into book2user (id, time, type_id, book_id, user_id) values (766, '2021-07-19 02:33:03', 3, 660, 2);
insert into book2user (id, time, type_id, book_id, user_id) values (767, '2021-11-20 06:43:11', 1, 339, 50);
insert into book2user (id, time, type_id, book_id, user_id) values (768, '2021-11-20 09:21:38', 3, 399, 44);
insert into book2user (id, time, type_id, book_id, user_id) values (769, '2021-06-06 22:38:42', 2, 440, 28);
insert into book2user (id, time, type_id, book_id, user_id) values (770, '2021-05-16 14:51:25', 1, 516, 36);
insert into book2user (id, time, type_id, book_id, user_id) values (771, '2021-05-11 05:07:46', 3, 270, 14);
insert into book2user (id, time, type_id, book_id, user_id) values (772, '2021-07-25 05:45:49', 1, 366, 21);
insert into book2user (id, time, type_id, book_id, user_id) values (773, '2021-04-11 19:26:23', 2, 681, 9);
insert into book2user (id, time, type_id, book_id, user_id) values (774, '2021-06-04 20:48:52', 1, 619, 46);
insert into book2user (id, time, type_id, book_id, user_id) values (775, '2021-09-01 08:09:35', 1, 688, 42);
insert into book2user (id, time, type_id, book_id, user_id) values (776, '2022-02-13 16:02:58', 2, 410, 18);
insert into book2user (id, time, type_id, book_id, user_id) values (777, '2021-04-16 10:44:12', 4, 41, 6);
insert into book2user (id, time, type_id, book_id, user_id) values (778, '2021-08-13 18:12:44', 3, 396, 41);
insert into book2user (id, time, type_id, book_id, user_id) values (779, '2021-07-01 18:22:15', 4, 464, 11);
insert into book2user (id, time, type_id, book_id, user_id) values (780, '2022-02-03 05:02:24', 1, 18, 47);
insert into book2user (id, time, type_id, book_id, user_id) values (781, '2021-06-28 19:47:58', 4, 11, 42);
insert into book2user (id, time, type_id, book_id, user_id) values (782, '2021-11-08 23:12:58', 4, 545, 37);
insert into book2user (id, time, type_id, book_id, user_id) values (783, '2021-12-08 16:44:45', 2, 500, 12);
insert into book2user (id, time, type_id, book_id, user_id) values (784, '2021-12-18 14:48:08', 2, 294, 36);
insert into book2user (id, time, type_id, book_id, user_id) values (785, '2021-08-16 05:26:00', 3, 224, 49);
insert into book2user (id, time, type_id, book_id, user_id) values (786, '2022-02-27 20:16:43', 4, 386, 27);
insert into book2user (id, time, type_id, book_id, user_id) values (787, '2021-08-12 22:28:22', 2, 126, 10);
insert into book2user (id, time, type_id, book_id, user_id) values (788, '2021-07-12 09:36:55', 4, 427, 22);
insert into book2user (id, time, type_id, book_id, user_id) values (789, '2021-06-05 14:00:46', 4, 243, 1);
insert into book2user (id, time, type_id, book_id, user_id) values (790, '2021-08-07 14:19:31', 1, 90, 5);
insert into book2user (id, time, type_id, book_id, user_id) values (791, '2022-01-05 13:16:46', 4, 323, 47);
insert into book2user (id, time, type_id, book_id, user_id) values (792, '2021-11-01 19:49:12', 3, 330, 43);
insert into book2user (id, time, type_id, book_id, user_id) values (793, '2021-07-01 09:00:46', 3, 649, 16);
insert into book2user (id, time, type_id, book_id, user_id) values (794, '2022-03-14 13:03:34', 1, 175, 45);
insert into book2user (id, time, type_id, book_id, user_id) values (795, '2022-04-04 03:25:54', 4, 268, 11);
insert into book2user (id, time, type_id, book_id, user_id) values (796, '2022-03-01 03:30:37', 4, 661, 6);
insert into book2user (id, time, type_id, book_id, user_id) values (797, '2021-06-20 21:57:55', 3, 543, 25);
insert into book2user (id, time, type_id, book_id, user_id) values (798, '2021-06-06 16:22:32', 3, 34, 42);
insert into book2user (id, time, type_id, book_id, user_id) values (799, '2022-01-11 08:36:19', 3, 246, 31);
insert into book2user (id, time, type_id, book_id, user_id) values (800, '2021-05-04 21:44:22', 2, 565, 14);
insert into book2user (id, time, type_id, book_id, user_id) values (801, '2021-06-24 05:13:42', 3, 566, 41);
insert into book2user (id, time, type_id, book_id, user_id) values (802, '2022-03-23 00:44:39', 2, 511, 9);
insert into book2user (id, time, type_id, book_id, user_id) values (803, '2021-12-24 06:38:36', 3, 537, 16);
insert into book2user (id, time, type_id, book_id, user_id) values (804, '2021-12-29 05:44:06', 2, 518, 44);
insert into book2user (id, time, type_id, book_id, user_id) values (805, '2021-09-04 18:31:17', 3, 632, 27);
insert into book2user (id, time, type_id, book_id, user_id) values (806, '2021-09-07 03:45:59', 3, 423, 46);
insert into book2user (id, time, type_id, book_id, user_id) values (807, '2022-02-16 18:39:24', 1, 553, 16);
insert into book2user (id, time, type_id, book_id, user_id) values (808, '2021-10-30 08:09:54', 3, 40, 36);
insert into book2user (id, time, type_id, book_id, user_id) values (809, '2021-09-10 08:01:50', 3, 38, 11);
insert into book2user (id, time, type_id, book_id, user_id) values (810, '2021-08-07 09:33:19', 1, 335, 16);
insert into book2user (id, time, type_id, book_id, user_id) values (811, '2022-01-19 03:05:26', 2, 474, 7);
insert into book2user (id, time, type_id, book_id, user_id) values (812, '2021-10-01 13:42:31', 4, 83, 21);
insert into book2user (id, time, type_id, book_id, user_id) values (813, '2021-05-12 08:15:06', 3, 628, 17);
insert into book2user (id, time, type_id, book_id, user_id) values (814, '2021-05-27 12:40:13', 4, 93, 22);
insert into book2user (id, time, type_id, book_id, user_id) values (815, '2021-08-01 05:48:57', 3, 42, 26);
insert into book2user (id, time, type_id, book_id, user_id) values (816, '2021-05-11 12:34:13', 2, 139, 44);
insert into book2user (id, time, type_id, book_id, user_id) values (817, '2021-10-16 05:29:37', 1, 531, 22);
insert into book2user (id, time, type_id, book_id, user_id) values (818, '2021-12-29 21:45:50', 1, 577, 25);
insert into book2user (id, time, type_id, book_id, user_id) values (819, '2022-01-01 11:18:48', 1, 33, 2);
insert into book2user (id, time, type_id, book_id, user_id) values (820, '2021-06-08 12:27:32', 1, 542, 41);
insert into book2user (id, time, type_id, book_id, user_id) values (821, '2022-03-05 15:11:30', 1, 119, 35);
insert into book2user (id, time, type_id, book_id, user_id) values (822, '2022-03-15 11:54:57', 1, 91, 15);
insert into book2user (id, time, type_id, book_id, user_id) values (823, '2021-06-21 22:58:32', 3, 198, 33);
insert into book2user (id, time, type_id, book_id, user_id) values (824, '2022-01-24 05:30:16', 1, 678, 37);
insert into book2user (id, time, type_id, book_id, user_id) values (825, '2022-01-19 05:43:37', 1, 294, 50);
insert into book2user (id, time, type_id, book_id, user_id) values (826, '2022-03-18 07:29:56', 1, 509, 8);
insert into book2user (id, time, type_id, book_id, user_id) values (827, '2021-10-23 14:11:37', 3, 327, 33);
insert into book2user (id, time, type_id, book_id, user_id) values (828, '2022-02-17 10:25:02', 2, 280, 38);
insert into book2user (id, time, type_id, book_id, user_id) values (829, '2021-09-12 08:32:42', 1, 601, 9);
insert into book2user (id, time, type_id, book_id, user_id) values (830, '2022-03-26 01:16:31', 1, 501, 14);
insert into book2user (id, time, type_id, book_id, user_id) values (831, '2021-09-26 01:05:24', 1, 124, 25);
insert into book2user (id, time, type_id, book_id, user_id) values (832, '2021-05-22 05:54:47', 1, 180, 5);
insert into book2user (id, time, type_id, book_id, user_id) values (833, '2022-02-28 03:49:09', 1, 662, 30);
insert into book2user (id, time, type_id, book_id, user_id) values (834, '2021-04-28 04:41:22', 2, 258, 35);
insert into book2user (id, time, type_id, book_id, user_id) values (835, '2021-07-22 00:49:01', 2, 619, 27);
insert into book2user (id, time, type_id, book_id, user_id) values (836, '2021-04-26 10:56:37', 2, 384, 41);
insert into book2user (id, time, type_id, book_id, user_id) values (837, '2022-04-05 21:37:01', 4, 483, 20);
insert into book2user (id, time, type_id, book_id, user_id) values (838, '2021-05-30 22:33:05', 1, 582, 8);
insert into book2user (id, time, type_id, book_id, user_id) values (839, '2021-11-30 11:53:52', 1, 592, 37);
insert into book2user (id, time, type_id, book_id, user_id) values (840, '2022-01-14 07:15:57', 1, 607, 44);
insert into book2user (id, time, type_id, book_id, user_id) values (841, '2021-09-05 19:46:21', 3, 451, 47);
insert into book2user (id, time, type_id, book_id, user_id) values (842, '2021-08-03 02:57:29', 1, 279, 12);
insert into book2user (id, time, type_id, book_id, user_id) values (843, '2021-04-19 02:18:12', 4, 374, 20);
insert into book2user (id, time, type_id, book_id, user_id) values (844, '2021-10-26 00:15:34', 4, 74, 13);
insert into book2user (id, time, type_id, book_id, user_id) values (845, '2022-03-25 15:53:24', 3, 228, 1);
insert into book2user (id, time, type_id, book_id, user_id) values (846, '2021-08-03 22:17:00', 3, 286, 45);
insert into book2user (id, time, type_id, book_id, user_id) values (847, '2021-04-24 05:59:53', 2, 660, 16);
insert into book2user (id, time, type_id, book_id, user_id) values (848, '2021-09-16 09:30:54', 3, 110, 5);
insert into book2user (id, time, type_id, book_id, user_id) values (849, '2021-12-17 05:24:16', 2, 427, 4);
insert into book2user (id, time, type_id, book_id, user_id) values (850, '2022-02-04 08:07:40', 1, 266, 44);
insert into book2user (id, time, type_id, book_id, user_id) values (851, '2021-12-07 20:09:55', 1, 332, 45);
insert into book2user (id, time, type_id, book_id, user_id) values (852, '2022-01-02 13:10:14', 3, 541, 50);
insert into book2user (id, time, type_id, book_id, user_id) values (853, '2021-07-24 09:39:54', 4, 298, 48);
insert into book2user (id, time, type_id, book_id, user_id) values (854, '2021-08-02 04:00:40', 3, 63, 11);
insert into book2user (id, time, type_id, book_id, user_id) values (855, '2021-08-03 23:13:33', 4, 53, 33);
insert into book2user (id, time, type_id, book_id, user_id) values (856, '2021-10-27 00:41:28', 2, 676, 9);
insert into book2user (id, time, type_id, book_id, user_id) values (857, '2021-09-08 12:40:32', 1, 496, 31);
insert into book2user (id, time, type_id, book_id, user_id) values (858, '2022-01-23 21:01:02', 3, 346, 18);
insert into book2user (id, time, type_id, book_id, user_id) values (859, '2021-09-11 16:24:46', 3, 298, 26);
insert into book2user (id, time, type_id, book_id, user_id) values (860, '2021-10-12 09:17:27', 2, 653, 48);
insert into book2user (id, time, type_id, book_id, user_id) values (861, '2022-01-28 12:18:39', 1, 197, 45);
insert into book2user (id, time, type_id, book_id, user_id) values (862, '2021-11-03 06:10:19', 4, 443, 17);
insert into book2user (id, time, type_id, book_id, user_id) values (863, '2021-10-27 19:47:43', 2, 176, 13);
insert into book2user (id, time, type_id, book_id, user_id) values (864, '2021-06-18 15:22:29', 3, 6, 24);
insert into book2user (id, time, type_id, book_id, user_id) values (865, '2021-12-15 07:05:17', 2, 688, 19);
insert into book2user (id, time, type_id, book_id, user_id) values (866, '2021-06-18 16:11:53', 1, 384, 8);
insert into book2user (id, time, type_id, book_id, user_id) values (867, '2021-12-10 05:52:32', 3, 530, 2);
insert into book2user (id, time, type_id, book_id, user_id) values (868, '2022-01-09 06:48:07', 2, 75, 16);
insert into book2user (id, time, type_id, book_id, user_id) values (869, '2021-06-16 19:04:58', 2, 633, 24);
insert into book2user (id, time, type_id, book_id, user_id) values (870, '2022-02-06 22:37:58', 2, 445, 16);
insert into book2user (id, time, type_id, book_id, user_id) values (871, '2021-11-09 07:28:41', 2, 400, 23);
insert into book2user (id, time, type_id, book_id, user_id) values (872, '2021-07-31 12:12:59', 1, 258, 48);
insert into book2user (id, time, type_id, book_id, user_id) values (873, '2021-09-12 03:28:22', 3, 591, 8);
insert into book2user (id, time, type_id, book_id, user_id) values (874, '2021-05-21 21:04:10', 4, 700, 25);
insert into book2user (id, time, type_id, book_id, user_id) values (875, '2021-04-15 19:06:47', 3, 273, 34);
insert into book2user (id, time, type_id, book_id, user_id) values (876, '2021-05-30 16:13:01', 4, 224, 21);
insert into book2user (id, time, type_id, book_id, user_id) values (877, '2021-09-05 16:26:59', 3, 38, 8);
insert into book2user (id, time, type_id, book_id, user_id) values (878, '2021-07-20 17:15:52', 2, 527, 48);
insert into book2user (id, time, type_id, book_id, user_id) values (879, '2021-07-09 19:31:13', 1, 648, 39);
insert into book2user (id, time, type_id, book_id, user_id) values (880, '2021-07-25 16:32:59', 1, 196, 16);
insert into book2user (id, time, type_id, book_id, user_id) values (881, '2021-09-15 09:40:08', 2, 145, 21);
insert into book2user (id, time, type_id, book_id, user_id) values (882, '2021-05-05 03:53:33', 2, 440, 26);
insert into book2user (id, time, type_id, book_id, user_id) values (883, '2021-11-14 20:58:00', 3, 64, 1);
insert into book2user (id, time, type_id, book_id, user_id) values (884, '2021-10-19 17:25:27', 1, 463, 34);
insert into book2user (id, time, type_id, book_id, user_id) values (885, '2021-09-29 20:05:35', 3, 215, 23);
insert into book2user (id, time, type_id, book_id, user_id) values (886, '2021-09-30 01:51:40', 1, 104, 39);
insert into book2user (id, time, type_id, book_id, user_id) values (887, '2021-06-07 11:42:43', 2, 191, 39);
insert into book2user (id, time, type_id, book_id, user_id) values (888, '2022-02-25 08:45:34', 1, 590, 27);
insert into book2user (id, time, type_id, book_id, user_id) values (889, '2021-12-17 02:39:52', 3, 162, 41);
insert into book2user (id, time, type_id, book_id, user_id) values (890, '2022-03-03 22:37:05', 4, 182, 8);
insert into book2user (id, time, type_id, book_id, user_id) values (891, '2022-03-08 11:08:32', 2, 436, 43);
insert into book2user (id, time, type_id, book_id, user_id) values (892, '2021-07-21 16:18:56', 2, 456, 17);
insert into book2user (id, time, type_id, book_id, user_id) values (893, '2021-04-08 07:02:21', 1, 660, 31);
insert into book2user (id, time, type_id, book_id, user_id) values (894, '2021-05-17 08:52:08', 1, 47, 6);
insert into book2user (id, time, type_id, book_id, user_id) values (895, '2021-04-14 04:52:57', 3, 559, 11);
insert into book2user (id, time, type_id, book_id, user_id) values (896, '2022-03-19 03:47:01', 2, 266, 48);
insert into book2user (id, time, type_id, book_id, user_id) values (897, '2022-02-11 18:36:34', 1, 349, 25);
insert into book2user (id, time, type_id, book_id, user_id) values (898, '2022-02-03 07:23:43', 2, 359, 11);
insert into book2user (id, time, type_id, book_id, user_id) values (899, '2021-09-25 19:58:18', 1, 189, 48);
insert into book2user (id, time, type_id, book_id, user_id) values (900, '2021-11-11 01:54:36', 3, 573, 23);
insert into book2user (id, time, type_id, book_id, user_id) values (901, '2021-12-04 07:40:03', 3, 321, 34);
insert into book2user (id, time, type_id, book_id, user_id) values (902, '2022-03-16 17:58:55', 4, 246, 36);
insert into book2user (id, time, type_id, book_id, user_id) values (903, '2021-05-03 17:01:40', 4, 519, 13);
insert into book2user (id, time, type_id, book_id, user_id) values (904, '2021-07-08 23:48:42', 1, 577, 41);
insert into book2user (id, time, type_id, book_id, user_id) values (905, '2021-08-14 22:54:41', 1, 176, 49);
insert into book2user (id, time, type_id, book_id, user_id) values (906, '2021-08-02 14:56:40', 3, 614, 1);
insert into book2user (id, time, type_id, book_id, user_id) values (907, '2021-12-15 13:19:18', 1, 567, 31);
insert into book2user (id, time, type_id, book_id, user_id) values (908, '2022-02-18 05:12:06', 2, 111, 30);
insert into book2user (id, time, type_id, book_id, user_id) values (909, '2021-11-11 19:46:35', 3, 407, 42);
insert into book2user (id, time, type_id, book_id, user_id) values (910, '2021-11-22 03:07:02', 3, 362, 4);
insert into book2user (id, time, type_id, book_id, user_id) values (911, '2021-11-12 01:41:17', 3, 359, 10);
insert into book2user (id, time, type_id, book_id, user_id) values (912, '2022-01-29 07:57:19', 1, 101, 10);
insert into book2user (id, time, type_id, book_id, user_id) values (913, '2021-05-28 13:50:53', 1, 595, 32);
insert into book2user (id, time, type_id, book_id, user_id) values (914, '2021-09-25 04:08:14', 3, 259, 16);
insert into book2user (id, time, type_id, book_id, user_id) values (915, '2021-06-18 05:56:07', 2, 35, 19);
insert into book2user (id, time, type_id, book_id, user_id) values (916, '2021-05-26 00:20:36', 4, 218, 6);
insert into book2user (id, time, type_id, book_id, user_id) values (917, '2022-02-25 12:34:19', 3, 513, 29);
insert into book2user (id, time, type_id, book_id, user_id) values (918, '2022-03-30 09:51:54', 1, 609, 26);
insert into book2user (id, time, type_id, book_id, user_id) values (919, '2021-07-25 07:43:21', 2, 513, 39);
insert into book2user (id, time, type_id, book_id, user_id) values (920, '2021-11-29 02:00:32', 3, 637, 39);
insert into book2user (id, time, type_id, book_id, user_id) values (921, '2021-09-26 17:55:07', 2, 585, 31);
insert into book2user (id, time, type_id, book_id, user_id) values (922, '2022-02-15 06:27:57', 3, 285, 21);
insert into book2user (id, time, type_id, book_id, user_id) values (923, '2021-10-27 15:10:07', 3, 596, 26);
insert into book2user (id, time, type_id, book_id, user_id) values (924, '2021-10-08 06:31:25', 1, 598, 31);
insert into book2user (id, time, type_id, book_id, user_id) values (925, '2021-10-19 04:20:44', 2, 278, 14);
insert into book2user (id, time, type_id, book_id, user_id) values (926, '2021-04-30 23:51:11', 3, 664, 1);
insert into book2user (id, time, type_id, book_id, user_id) values (927, '2021-09-20 14:27:13', 2, 20, 19);
insert into book2user (id, time, type_id, book_id, user_id) values (928, '2021-08-08 05:10:08', 3, 82, 31);
insert into book2user (id, time, type_id, book_id, user_id) values (929, '2021-10-30 10:40:19', 3, 602, 12);
insert into book2user (id, time, type_id, book_id, user_id) values (930, '2021-08-17 02:33:42', 3, 195, 40);
insert into book2user (id, time, type_id, book_id, user_id) values (931, '2022-01-11 09:20:47', 4, 189, 23);
insert into book2user (id, time, type_id, book_id, user_id) values (932, '2022-01-14 21:39:23', 4, 322, 32);
insert into book2user (id, time, type_id, book_id, user_id) values (933, '2021-12-01 02:52:22', 4, 688, 28);
insert into book2user (id, time, type_id, book_id, user_id) values (934, '2021-11-26 02:21:45', 1, 107, 45);
insert into book2user (id, time, type_id, book_id, user_id) values (935, '2021-07-13 20:25:37', 1, 310, 9);
insert into book2user (id, time, type_id, book_id, user_id) values (936, '2021-10-12 07:46:22', 4, 664, 29);
insert into book2user (id, time, type_id, book_id, user_id) values (937, '2022-03-09 05:00:50', 3, 407, 33);
insert into book2user (id, time, type_id, book_id, user_id) values (938, '2021-08-03 07:13:30', 1, 15, 48);
insert into book2user (id, time, type_id, book_id, user_id) values (939, '2021-09-19 12:00:25', 4, 202, 39);
insert into book2user (id, time, type_id, book_id, user_id) values (940, '2021-10-17 20:33:33', 1, 639, 26);
insert into book2user (id, time, type_id, book_id, user_id) values (941, '2021-04-21 21:33:32', 4, 201, 20);
insert into book2user (id, time, type_id, book_id, user_id) values (942, '2021-12-13 09:19:54', 1, 320, 47);
insert into book2user (id, time, type_id, book_id, user_id) values (943, '2021-05-12 04:20:38', 4, 390, 11);
insert into book2user (id, time, type_id, book_id, user_id) values (944, '2021-09-08 17:19:19', 4, 381, 49);
insert into book2user (id, time, type_id, book_id, user_id) values (945, '2021-11-01 01:45:05', 2, 310, 20);
insert into book2user (id, time, type_id, book_id, user_id) values (946, '2022-01-22 12:23:45', 3, 644, 30);
insert into book2user (id, time, type_id, book_id, user_id) values (947, '2022-01-17 15:27:51', 1, 529, 2);
insert into book2user (id, time, type_id, book_id, user_id) values (948, '2021-10-19 06:25:26', 2, 359, 23);
insert into book2user (id, time, type_id, book_id, user_id) values (949, '2021-07-31 13:11:24', 1, 539, 49);
insert into book2user (id, time, type_id, book_id, user_id) values (950, '2021-05-12 00:09:41', 3, 40, 41);
insert into book2user (id, time, type_id, book_id, user_id) values (951, '2022-03-13 14:38:58', 4, 129, 13);
insert into book2user (id, time, type_id, book_id, user_id) values (952, '2022-02-09 03:47:18', 1, 560, 9);
insert into book2user (id, time, type_id, book_id, user_id) values (953, '2021-05-17 06:13:23', 4, 631, 10);
insert into book2user (id, time, type_id, book_id, user_id) values (954, '2022-01-16 01:16:55', 2, 441, 22);
insert into book2user (id, time, type_id, book_id, user_id) values (955, '2021-07-28 00:43:10', 2, 640, 8);
insert into book2user (id, time, type_id, book_id, user_id) values (956, '2021-12-12 10:41:49', 2, 546, 41);
insert into book2user (id, time, type_id, book_id, user_id) values (957, '2021-12-10 13:14:10', 3, 74, 40);
insert into book2user (id, time, type_id, book_id, user_id) values (958, '2021-06-17 22:43:05', 4, 81, 46);
insert into book2user (id, time, type_id, book_id, user_id) values (959, '2021-09-07 00:22:36', 1, 46, 15);
insert into book2user (id, time, type_id, book_id, user_id) values (960, '2022-02-03 05:53:33', 4, 503, 5);
insert into book2user (id, time, type_id, book_id, user_id) values (961, '2021-12-07 11:58:58', 3, 50, 25);
insert into book2user (id, time, type_id, book_id, user_id) values (962, '2021-05-24 03:30:58', 3, 11, 19);
insert into book2user (id, time, type_id, book_id, user_id) values (963, '2022-02-27 10:03:48', 3, 462, 5);
insert into book2user (id, time, type_id, book_id, user_id) values (964, '2021-11-25 20:59:18', 1, 115, 47);
insert into book2user (id, time, type_id, book_id, user_id) values (965, '2021-10-14 07:34:54', 1, 386, 7);
insert into book2user (id, time, type_id, book_id, user_id) values (966, '2021-05-05 01:07:17', 4, 117, 15);
insert into book2user (id, time, type_id, book_id, user_id) values (967, '2022-04-06 06:54:27', 1, 630, 22);
insert into book2user (id, time, type_id, book_id, user_id) values (968, '2022-02-15 14:01:20', 4, 223, 47);
insert into book2user (id, time, type_id, book_id, user_id) values (969, '2021-10-12 12:11:08', 3, 64, 18);
insert into book2user (id, time, type_id, book_id, user_id) values (970, '2021-06-25 18:49:46', 4, 417, 23);
insert into book2user (id, time, type_id, book_id, user_id) values (971, '2022-02-16 14:05:35', 1, 206, 48);
insert into book2user (id, time, type_id, book_id, user_id) values (972, '2022-03-31 21:10:22', 2, 600, 47);
insert into book2user (id, time, type_id, book_id, user_id) values (973, '2021-04-17 14:39:34', 2, 463, 39);
insert into book2user (id, time, type_id, book_id, user_id) values (974, '2021-10-22 04:11:27', 4, 417, 26);
insert into book2user (id, time, type_id, book_id, user_id) values (975, '2021-05-06 23:33:55', 1, 651, 26);
insert into book2user (id, time, type_id, book_id, user_id) values (976, '2021-10-25 06:53:32', 1, 142, 31);
insert into book2user (id, time, type_id, book_id, user_id) values (977, '2021-07-09 21:31:43', 4, 173, 22);
insert into book2user (id, time, type_id, book_id, user_id) values (978, '2021-04-29 06:38:37', 3, 396, 17);
insert into book2user (id, time, type_id, book_id, user_id) values (979, '2022-03-16 08:25:41', 1, 690, 28);
insert into book2user (id, time, type_id, book_id, user_id) values (980, '2021-05-06 15:58:42', 3, 3, 10);
insert into book2user (id, time, type_id, book_id, user_id) values (981, '2021-05-01 12:59:38', 4, 403, 2);
insert into book2user (id, time, type_id, book_id, user_id) values (982, '2021-08-31 00:06:10', 2, 442, 19);
insert into book2user (id, time, type_id, book_id, user_id) values (983, '2021-06-07 01:08:36', 3, 387, 36);
insert into book2user (id, time, type_id, book_id, user_id) values (984, '2022-02-12 18:48:20', 3, 485, 5);
insert into book2user (id, time, type_id, book_id, user_id) values (985, '2021-09-12 01:53:23', 1, 397, 42);
insert into book2user (id, time, type_id, book_id, user_id) values (986, '2021-08-12 22:11:48', 4, 336, 43);
insert into book2user (id, time, type_id, book_id, user_id) values (987, '2021-09-18 14:36:23', 3, 17, 45);
insert into book2user (id, time, type_id, book_id, user_id) values (988, '2022-03-01 14:06:24', 4, 636, 50);
insert into book2user (id, time, type_id, book_id, user_id) values (989, '2021-12-04 14:01:18', 3, 592, 28);
insert into book2user (id, time, type_id, book_id, user_id) values (990, '2022-03-27 06:27:22', 2, 285, 3);
insert into book2user (id, time, type_id, book_id, user_id) values (991, '2022-03-22 06:04:13', 4, 541, 33);
insert into book2user (id, time, type_id, book_id, user_id) values (992, '2022-02-24 06:51:12', 2, 229, 33);
insert into book2user (id, time, type_id, book_id, user_id) values (993, '2021-12-16 18:52:45', 1, 621, 2);
insert into book2user (id, time, type_id, book_id, user_id) values (994, '2022-03-09 13:13:11', 3, 295, 36);
insert into book2user (id, time, type_id, book_id, user_id) values (995, '2021-07-10 22:19:51', 4, 508, 10);
insert into book2user (id, time, type_id, book_id, user_id) values (996, '2021-09-13 21:26:18', 3, 66, 21);
insert into book2user (id, time, type_id, book_id, user_id) values (997, '2022-02-04 06:36:47', 3, 567, 45);
insert into book2user (id, time, type_id, book_id, user_id) values (998, '2021-04-17 12:33:12', 2, 478, 5);
insert into book2user (id, time, type_id, book_id, user_id) values (999, '2021-12-17 07:45:34', 1, 50, 1);
insert into book2user (id, time, type_id, book_id, user_id) values (1000, '2021-07-09 17:36:19', 1, 167, 6);


