insert into book_rating (id, book_id, user_id, rating) values (1, 16, 1, 4);
insert into book_rating (id, book_id, user_id, rating) values (2, 16, 2, 5);
insert into book_rating (id, book_id, user_id, rating) values (3, 10, 3, 5);
insert into book_rating (id, book_id, user_id, rating) values (4, 20, 4, 4);
insert into book_rating (id, book_id, user_id, rating) values (5, 4, 5, 4);
insert into book_rating (id, book_id, user_id, rating) values (6, 14, 6, 5);
insert into book_rating (id, book_id, user_id, rating) values (7, 19, 7, 4);
insert into book_rating (id, book_id, user_id, rating) values (8, 13, 8, 4);
insert into book_rating (id, book_id, user_id, rating) values (9, 20, 9, 4);
insert into book_rating (id, book_id, user_id, rating) values (10, 2, 10, 5);
insert into book_rating (id, book_id, user_id, rating) values (11, 15, 11, 5);
insert into book_rating (id, book_id, user_id, rating) values (12, 20, 12, 4);
insert into book_rating (id, book_id, user_id, rating) values (13, 15, 13, 4);
insert into book_rating (id, book_id, user_id, rating) values (14, 8, 14, 4);
insert into book_rating (id, book_id, user_id, rating) values (15, 3, 15, 4);
insert into book_rating (id, book_id, user_id, rating) values (16, 4, 16, 5);
insert into book_rating (id, book_id, user_id, rating) values (17, 3, 17, 5);
insert into book_rating (id, book_id, user_id, rating) values (18, 9, 18, 5);
insert into book_rating (id, book_id, user_id, rating) values (19, 2, 19, 5);
insert into book_rating (id, book_id, user_id, rating) values (20, 1, 20, 4);
insert into book_rating (id, book_id, user_id, rating) values (21, 20, 21, 4);
insert into book_rating (id, book_id, user_id, rating) values (22, 12, 22, 5);
insert into book_rating (id, book_id, user_id, rating) values (23, 1, 23, 4);
insert into book_rating (id, book_id, user_id, rating) values (24, 18, 24, 5);
insert into book_rating (id, book_id, user_id, rating) values (25, 13, 25, 5);
insert into book_rating (id, book_id, user_id, rating) values (26, 1, 26, 4);
insert into book_rating (id, book_id, user_id, rating) values (27, 10, 27, 5);
insert into book_rating (id, book_id, user_id, rating) values (28, 6, 28, 4);
insert into book_rating (id, book_id, user_id, rating) values (29, 3, 29, 5);
insert into book_rating (id, book_id, user_id, rating) values (30, 9, 30, 4);
insert into book_rating (id, book_id, user_id, rating) values (31, 13, 31, 5);
insert into book_rating (id, book_id, user_id, rating) values (32, 1, 32, 5);
insert into book_rating (id, book_id, user_id, rating) values (33, 11, 33, 4);
insert into book_rating (id, book_id, user_id, rating) values (34, 17, 34, 4);
insert into book_rating (id, book_id, user_id, rating) values (35, 11, 35, 4);
insert into book_rating (id, book_id, user_id, rating) values (36, 11, 36, 4);
insert into book_rating (id, book_id, user_id, rating) values (37, 16, 37, 5);
insert into book_rating (id, book_id, user_id, rating) values (38, 9, 38, 4);
insert into book_rating (id, book_id, user_id, rating) values (39, 8, 39, 5);
insert into book_rating (id, book_id, user_id, rating) values (40, 8, 40, 4);
insert into book_rating (id, book_id, user_id, rating) values (41, 16, 41, 5);
insert into book_rating (id, book_id, user_id, rating) values (42, 13, 42, 4);
insert into book_rating (id, book_id, user_id, rating) values (43, 1, 43, 4);
insert into book_rating (id, book_id, user_id, rating) values (44, 12, 44, 4);
insert into book_rating (id, book_id, user_id, rating) values (45, 12, 45, 4);
insert into book_rating (id, book_id, user_id, rating) values (46, 7, 46, 5);
insert into book_rating (id, book_id, user_id, rating) values (47, 11, 47, 4);
insert into book_rating (id, book_id, user_id, rating) values (48, 4, 48, 5);
insert into book_rating (id, book_id, user_id, rating) values (49, 12, 49, 5);
insert into book_rating (id, book_id, user_id, rating) values (50, 14, 50, 4);
insert into book_rating (id, book_id, user_id, rating) values (51, 70, 22, 0);
insert into book_rating (id, book_id, user_id, rating) values (52, 156, 6, 2);
insert into book_rating (id, book_id, user_id, rating) values (53, 130, 39, 3);
insert into book_rating (id, book_id, user_id, rating) values (54, 114, 49, 0);
insert into book_rating (id, book_id, user_id, rating) values (55, 41, 11, 3);
insert into book_rating (id, book_id, user_id, rating) values (56, 75, 30, 3);
insert into book_rating (id, book_id, user_id, rating) values (57, 113, 34, 2);
insert into book_rating (id, book_id, user_id, rating) values (58, 161, 12, 0);
insert into book_rating (id, book_id, user_id, rating) values (59, 169, 49, 2);
insert into book_rating (id, book_id, user_id, rating) values (60, 143, 45, 3);
insert into book_rating (id, book_id, user_id, rating) values (61, 159, 42, 0);
insert into book_rating (id, book_id, user_id, rating) values (62, 32, 38, 3);
insert into book_rating (id, book_id, user_id, rating) values (63, 60, 36, 0);
insert into book_rating (id, book_id, user_id, rating) values (64, 38, 3, 1);
insert into book_rating (id, book_id, user_id, rating) values (65, 187, 38, 1);
insert into book_rating (id, book_id, user_id, rating) values (66, 138, 37, 2);
insert into book_rating (id, book_id, user_id, rating) values (67, 180, 49, 3);
insert into book_rating (id, book_id, user_id, rating) values (68, 155, 3, 2);
insert into book_rating (id, book_id, user_id, rating) values (69, 189, 43, 0);
insert into book_rating (id, book_id, user_id, rating) values (70, 34, 31, 2);
insert into book_rating (id, book_id, user_id, rating) values (71, 100, 10, 0);
insert into book_rating (id, book_id, user_id, rating) values (72, 72, 27, 1);
insert into book_rating (id, book_id, user_id, rating) values (73, 80, 42, 0);
insert into book_rating (id, book_id, user_id, rating) values (74, 76, 9, 3);
insert into book_rating (id, book_id, user_id, rating) values (75, 186, 33, 2);
insert into book_rating (id, book_id, user_id, rating) values (76, 57, 14, 3);
insert into book_rating (id, book_id, user_id, rating) values (77, 117, 32, 3);
insert into book_rating (id, book_id, user_id, rating) values (78, 119, 50, 2);
insert into book_rating (id, book_id, user_id, rating) values (79, 186, 2, 2);
insert into book_rating (id, book_id, user_id, rating) values (80, 199, 12, 2);
insert into book_rating (id, book_id, user_id, rating) values (81, 56, 1, 1);
insert into book_rating (id, book_id, user_id, rating) values (82, 109, 39, 2);
insert into book_rating (id, book_id, user_id, rating) values (83, 64, 6, 2);
insert into book_rating (id, book_id, user_id, rating) values (84, 91, 38, 2);
insert into book_rating (id, book_id, user_id, rating) values (85, 178, 4, 2);
insert into book_rating (id, book_id, user_id, rating) values (86, 161, 3, 2);
insert into book_rating (id, book_id, user_id, rating) values (87, 31, 21, 2);
insert into book_rating (id, book_id, user_id, rating) values (88, 133, 43, 1);
insert into book_rating (id, book_id, user_id, rating) values (89, 123, 1, 1);
insert into book_rating (id, book_id, user_id, rating) values (90, 167, 39, 1);
insert into book_rating (id, book_id, user_id, rating) values (91, 108, 6, 0);
insert into book_rating (id, book_id, user_id, rating) values (92, 62, 12, 1);
insert into book_rating (id, book_id, user_id, rating) values (93, 117, 19, 3);
insert into book_rating (id, book_id, user_id, rating) values (94, 90, 16, 2);
insert into book_rating (id, book_id, user_id, rating) values (95, 99, 46, 0);
insert into book_rating (id, book_id, user_id, rating) values (96, 160, 48, 1);
insert into book_rating (id, book_id, user_id, rating) values (97, 185, 44, 2);
insert into book_rating (id, book_id, user_id, rating) values (98, 31, 3, 3);
insert into book_rating (id, book_id, user_id, rating) values (99, 54, 9, 0);
insert into book_rating (id, book_id, user_id, rating) values (100, 90, 38, 1);
insert into book_rating (id, book_id, user_id, rating) values (101, 87, 27, 3);
insert into book_rating (id, book_id, user_id, rating) values (102, 145, 15, 0);
insert into book_rating (id, book_id, user_id, rating) values (103, 103, 6, 1);
insert into book_rating (id, book_id, user_id, rating) values (104, 66, 44, 0);
insert into book_rating (id, book_id, user_id, rating) values (105, 42, 2, 0);
insert into book_rating (id, book_id, user_id, rating) values (106, 55, 21, 3);
insert into book_rating (id, book_id, user_id, rating) values (107, 163, 20, 0);
insert into book_rating (id, book_id, user_id, rating) values (108, 51, 38, 1);
insert into book_rating (id, book_id, user_id, rating) values (109, 57, 44, 3);
insert into book_rating (id, book_id, user_id, rating) values (110, 83, 5, 2);
insert into book_rating (id, book_id, user_id, rating) values (111, 112, 43, 0);
insert into book_rating (id, book_id, user_id, rating) values (112, 178, 17, 3);
insert into book_rating (id, book_id, user_id, rating) values (113, 164, 48, 3);
insert into book_rating (id, book_id, user_id, rating) values (114, 86, 15, 3);
insert into book_rating (id, book_id, user_id, rating) values (115, 105, 3, 3);
insert into book_rating (id, book_id, user_id, rating) values (116, 22, 5, 1);
insert into book_rating (id, book_id, user_id, rating) values (117, 137, 14, 3);
insert into book_rating (id, book_id, user_id, rating) values (118, 143, 38, 3);
insert into book_rating (id, book_id, user_id, rating) values (119, 173, 19, 3);
insert into book_rating (id, book_id, user_id, rating) values (120, 66, 14, 1);
insert into book_rating (id, book_id, user_id, rating) values (121, 67, 32, 2);
insert into book_rating (id, book_id, user_id, rating) values (122, 198, 26, 1);
insert into book_rating (id, book_id, user_id, rating) values (123, 194, 30, 2);
insert into book_rating (id, book_id, user_id, rating) values (124, 134, 1, 3);
insert into book_rating (id, book_id, user_id, rating) values (125, 111, 50, 2);
insert into book_rating (id, book_id, user_id, rating) values (126, 122, 7, 3);
insert into book_rating (id, book_id, user_id, rating) values (127, 143, 35, 1);
insert into book_rating (id, book_id, user_id, rating) values (128, 189, 29, 2);
insert into book_rating (id, book_id, user_id, rating) values (129, 167, 35, 0);
insert into book_rating (id, book_id, user_id, rating) values (130, 41, 20, 2);
insert into book_rating (id, book_id, user_id, rating) values (131, 102, 35, 2);
insert into book_rating (id, book_id, user_id, rating) values (132, 55, 19, 3);
insert into book_rating (id, book_id, user_id, rating) values (133, 95, 8, 2);
insert into book_rating (id, book_id, user_id, rating) values (134, 191, 44, 3);
insert into book_rating (id, book_id, user_id, rating) values (135, 158, 27, 1);
insert into book_rating (id, book_id, user_id, rating) values (136, 94, 14, 3);
insert into book_rating (id, book_id, user_id, rating) values (137, 181, 6, 1);
insert into book_rating (id, book_id, user_id, rating) values (138, 151, 36, 3);
insert into book_rating (id, book_id, user_id, rating) values (139, 186, 31, 0);
insert into book_rating (id, book_id, user_id, rating) values (140, 104, 6, 3);
insert into book_rating (id, book_id, user_id, rating) values (141, 46, 32, 0);
insert into book_rating (id, book_id, user_id, rating) values (142, 76, 6, 1);
insert into book_rating (id, book_id, user_id, rating) values (143, 75, 10, 0);
insert into book_rating (id, book_id, user_id, rating) values (144, 91, 20, 2);
insert into book_rating (id, book_id, user_id, rating) values (145, 159, 21, 2);
insert into book_rating (id, book_id, user_id, rating) values (146, 42, 4, 1);
insert into book_rating (id, book_id, user_id, rating) values (147, 84, 18, 1);
insert into book_rating (id, book_id, user_id, rating) values (148, 111, 24, 3);
insert into book_rating (id, book_id, user_id, rating) values (149, 192, 26, 1);
insert into book_rating (id, book_id, user_id, rating) values (150, 31, 14, 3);
insert into book_rating (id, book_id, user_id, rating) values (151, 196, 10, 0);
insert into book_rating (id, book_id, user_id, rating) values (152, 126, 1, 1);
insert into book_rating (id, book_id, user_id, rating) values (153, 64, 1, 2);
insert into book_rating (id, book_id, user_id, rating) values (154, 51, 38, 0);
insert into book_rating (id, book_id, user_id, rating) values (155, 42, 46, 3);
insert into book_rating (id, book_id, user_id, rating) values (156, 76, 39, 3);
insert into book_rating (id, book_id, user_id, rating) values (157, 93, 7, 3);
insert into book_rating (id, book_id, user_id, rating) values (158, 148, 19, 2);
insert into book_rating (id, book_id, user_id, rating) values (159, 159, 16, 0);
insert into book_rating (id, book_id, user_id, rating) values (160, 43, 50, 0);
insert into book_rating (id, book_id, user_id, rating) values (161, 139, 49, 2);
insert into book_rating (id, book_id, user_id, rating) values (162, 143, 14, 2);
insert into book_rating (id, book_id, user_id, rating) values (163, 187, 24, 0);
insert into book_rating (id, book_id, user_id, rating) values (164, 109, 27, 1);
insert into book_rating (id, book_id, user_id, rating) values (165, 93, 25, 0);
insert into book_rating (id, book_id, user_id, rating) values (166, 34, 20, 3);
insert into book_rating (id, book_id, user_id, rating) values (167, 119, 36, 0);
insert into book_rating (id, book_id, user_id, rating) values (168, 67, 47, 0);
insert into book_rating (id, book_id, user_id, rating) values (169, 131, 21, 1);
insert into book_rating (id, book_id, user_id, rating) values (170, 26, 36, 2);
insert into book_rating (id, book_id, user_id, rating) values (171, 176, 44, 0);
insert into book_rating (id, book_id, user_id, rating) values (172, 115, 6, 0);
insert into book_rating (id, book_id, user_id, rating) values (173, 86, 4, 1);
insert into book_rating (id, book_id, user_id, rating) values (174, 145, 37, 3);
insert into book_rating (id, book_id, user_id, rating) values (175, 199, 43, 2);
insert into book_rating (id, book_id, user_id, rating) values (176, 90, 29, 0);
insert into book_rating (id, book_id, user_id, rating) values (177, 97, 37, 1);
insert into book_rating (id, book_id, user_id, rating) values (178, 124, 34, 3);
insert into book_rating (id, book_id, user_id, rating) values (179, 60, 47, 3);
insert into book_rating (id, book_id, user_id, rating) values (180, 133, 6, 1);
insert into book_rating (id, book_id, user_id, rating) values (181, 75, 9, 1);
insert into book_rating (id, book_id, user_id, rating) values (182, 194, 15, 0);
insert into book_rating (id, book_id, user_id, rating) values (183, 59, 33, 1);
insert into book_rating (id, book_id, user_id, rating) values (184, 125, 19, 3);
insert into book_rating (id, book_id, user_id, rating) values (185, 28, 50, 3);
insert into book_rating (id, book_id, user_id, rating) values (186, 29, 26, 0);
insert into book_rating (id, book_id, user_id, rating) values (187, 68, 42, 1);
insert into book_rating (id, book_id, user_id, rating) values (188, 200, 25, 3);
insert into book_rating (id, book_id, user_id, rating) values (189, 122, 48, 0);
insert into book_rating (id, book_id, user_id, rating) values (190, 143, 22, 1);
insert into book_rating (id, book_id, user_id, rating) values (191, 179, 22, 1);
insert into book_rating (id, book_id, user_id, rating) values (192, 160, 42, 3);
insert into book_rating (id, book_id, user_id, rating) values (193, 141, 24, 2);
insert into book_rating (id, book_id, user_id, rating) values (194, 159, 13, 2);
insert into book_rating (id, book_id, user_id, rating) values (195, 182, 25, 2);
insert into book_rating (id, book_id, user_id, rating) values (196, 32, 49, 0);
insert into book_rating (id, book_id, user_id, rating) values (197, 99, 28, 2);
insert into book_rating (id, book_id, user_id, rating) values (198, 162, 18, 2);
insert into book_rating (id, book_id, user_id, rating) values (199, 146, 30, 1);
insert into book_rating (id, book_id, user_id, rating) values (200, 132, 3, 0);
insert into book_rating (id, book_id, user_id, rating) values (201, 141, 3, 2);
insert into book_rating (id, book_id, user_id, rating) values (202, 57, 28, 2);
insert into book_rating (id, book_id, user_id, rating) values (203, 160, 7, 0);
insert into book_rating (id, book_id, user_id, rating) values (204, 148, 40, 1);
insert into book_rating (id, book_id, user_id, rating) values (205, 73, 8, 0);
insert into book_rating (id, book_id, user_id, rating) values (206, 137, 43, 2);
insert into book_rating (id, book_id, user_id, rating) values (207, 129, 28, 1);
insert into book_rating (id, book_id, user_id, rating) values (208, 129, 43, 1);
insert into book_rating (id, book_id, user_id, rating) values (209, 82, 27, 2);
insert into book_rating (id, book_id, user_id, rating) values (210, 43, 47, 0);
insert into book_rating (id, book_id, user_id, rating) values (211, 165, 42, 3);
insert into book_rating (id, book_id, user_id, rating) values (212, 89, 14, 2);
insert into book_rating (id, book_id, user_id, rating) values (213, 81, 6, 3);
insert into book_rating (id, book_id, user_id, rating) values (214, 67, 35, 2);
insert into book_rating (id, book_id, user_id, rating) values (215, 71, 20, 3);
insert into book_rating (id, book_id, user_id, rating) values (216, 73, 42, 3);
insert into book_rating (id, book_id, user_id, rating) values (217, 161, 27, 1);
insert into book_rating (id, book_id, user_id, rating) values (218, 176, 38, 1);
insert into book_rating (id, book_id, user_id, rating) values (219, 159, 39, 0);
insert into book_rating (id, book_id, user_id, rating) values (220, 120, 33, 2);
insert into book_rating (id, book_id, user_id, rating) values (221, 76, 32, 1);
insert into book_rating (id, book_id, user_id, rating) values (222, 169, 47, 0);
insert into book_rating (id, book_id, user_id, rating) values (223, 85, 1, 1);
insert into book_rating (id, book_id, user_id, rating) values (224, 31, 39, 3);
insert into book_rating (id, book_id, user_id, rating) values (225, 67, 22, 2);
insert into book_rating (id, book_id, user_id, rating) values (226, 189, 37, 1);
insert into book_rating (id, book_id, user_id, rating) values (227, 115, 33, 1);
insert into book_rating (id, book_id, user_id, rating) values (228, 138, 15, 1);
insert into book_rating (id, book_id, user_id, rating) values (229, 160, 3, 3);
insert into book_rating (id, book_id, user_id, rating) values (230, 48, 46, 3);
insert into book_rating (id, book_id, user_id, rating) values (231, 54, 15, 3);
insert into book_rating (id, book_id, user_id, rating) values (232, 173, 45, 0);
insert into book_rating (id, book_id, user_id, rating) values (233, 85, 4, 0);
insert into book_rating (id, book_id, user_id, rating) values (234, 111, 11, 2);
insert into book_rating (id, book_id, user_id, rating) values (235, 148, 9, 0);
insert into book_rating (id, book_id, user_id, rating) values (236, 36, 29, 1);
insert into book_rating (id, book_id, user_id, rating) values (237, 80, 42, 2);
insert into book_rating (id, book_id, user_id, rating) values (238, 54, 17, 2);
insert into book_rating (id, book_id, user_id, rating) values (239, 180, 36, 0);
insert into book_rating (id, book_id, user_id, rating) values (240, 156, 17, 3);
insert into book_rating (id, book_id, user_id, rating) values (241, 30, 50, 2);
insert into book_rating (id, book_id, user_id, rating) values (242, 61, 30, 0);
insert into book_rating (id, book_id, user_id, rating) values (243, 125, 28, 1);
insert into book_rating (id, book_id, user_id, rating) values (244, 46, 41, 1);
insert into book_rating (id, book_id, user_id, rating) values (245, 154, 18, 1);
insert into book_rating (id, book_id, user_id, rating) values (246, 96, 12, 1);
insert into book_rating (id, book_id, user_id, rating) values (247, 187, 32, 0);
insert into book_rating (id, book_id, user_id, rating) values (248, 169, 18, 2);
insert into book_rating (id, book_id, user_id, rating) values (249, 150, 29, 2);
insert into book_rating (id, book_id, user_id, rating) values (250, 142, 2, 2);
insert into book_rating (id, book_id, user_id, rating) values (251, 84, 5, 0);
insert into book_rating (id, book_id, user_id, rating) values (252, 77, 23, 0);
insert into book_rating (id, book_id, user_id, rating) values (253, 116, 49, 2);
insert into book_rating (id, book_id, user_id, rating) values (254, 181, 8, 1);
insert into book_rating (id, book_id, user_id, rating) values (255, 143, 8, 1);
insert into book_rating (id, book_id, user_id, rating) values (256, 103, 11, 2);
insert into book_rating (id, book_id, user_id, rating) values (257, 84, 33, 3);
insert into book_rating (id, book_id, user_id, rating) values (258, 54, 12, 3);
insert into book_rating (id, book_id, user_id, rating) values (259, 174, 10, 1);
insert into book_rating (id, book_id, user_id, rating) values (260, 153, 24, 1);
insert into book_rating (id, book_id, user_id, rating) values (261, 92, 8, 2);
insert into book_rating (id, book_id, user_id, rating) values (262, 90, 4, 2);
insert into book_rating (id, book_id, user_id, rating) values (263, 38, 18, 1);
insert into book_rating (id, book_id, user_id, rating) values (264, 161, 46, 3);
insert into book_rating (id, book_id, user_id, rating) values (265, 29, 1, 2);
insert into book_rating (id, book_id, user_id, rating) values (266, 171, 42, 2);
insert into book_rating (id, book_id, user_id, rating) values (267, 196, 36, 3);
insert into book_rating (id, book_id, user_id, rating) values (268, 110, 5, 3);
insert into book_rating (id, book_id, user_id, rating) values (269, 87, 50, 3);
insert into book_rating (id, book_id, user_id, rating) values (270, 31, 26, 2);
insert into book_rating (id, book_id, user_id, rating) values (271, 74, 31, 1);
insert into book_rating (id, book_id, user_id, rating) values (272, 53, 1, 3);
insert into book_rating (id, book_id, user_id, rating) values (273, 39, 25, 0);
insert into book_rating (id, book_id, user_id, rating) values (274, 48, 7, 3);
insert into book_rating (id, book_id, user_id, rating) values (275, 121, 2, 2);
insert into book_rating (id, book_id, user_id, rating) values (276, 144, 27, 0);
insert into book_rating (id, book_id, user_id, rating) values (277, 193, 30, 1);
insert into book_rating (id, book_id, user_id, rating) values (278, 173, 31, 0);
insert into book_rating (id, book_id, user_id, rating) values (279, 35, 3, 0);
insert into book_rating (id, book_id, user_id, rating) values (280, 154, 17, 2);
insert into book_rating (id, book_id, user_id, rating) values (281, 77, 34, 3);
insert into book_rating (id, book_id, user_id, rating) values (282, 153, 13, 1);
insert into book_rating (id, book_id, user_id, rating) values (283, 74, 27, 0);
insert into book_rating (id, book_id, user_id, rating) values (284, 92, 19, 1);
insert into book_rating (id, book_id, user_id, rating) values (285, 114, 49, 0);
insert into book_rating (id, book_id, user_id, rating) values (286, 177, 29, 3);
insert into book_rating (id, book_id, user_id, rating) values (287, 83, 21, 3);
insert into book_rating (id, book_id, user_id, rating) values (288, 62, 39, 3);
insert into book_rating (id, book_id, user_id, rating) values (289, 61, 17, 3);
insert into book_rating (id, book_id, user_id, rating) values (290, 36, 33, 3);
insert into book_rating (id, book_id, user_id, rating) values (291, 85, 10, 1);
insert into book_rating (id, book_id, user_id, rating) values (292, 35, 28, 3);
insert into book_rating (id, book_id, user_id, rating) values (293, 122, 31, 1);
insert into book_rating (id, book_id, user_id, rating) values (294, 142, 26, 1);
insert into book_rating (id, book_id, user_id, rating) values (295, 54, 25, 1);
insert into book_rating (id, book_id, user_id, rating) values (296, 119, 2, 2);
insert into book_rating (id, book_id, user_id, rating) values (297, 171, 50, 3);
insert into book_rating (id, book_id, user_id, rating) values (298, 54, 1, 1);
insert into book_rating (id, book_id, user_id, rating) values (299, 96, 39, 2);
insert into book_rating (id, book_id, user_id, rating) values (300, 175, 4, 1);

insert into book_review (id, rating_id, time, text) values (1, 1, '2022-01-17 22:20:10', 'nulla quisque arcu libero rutrum ac lobortis vel dapibus at diam');
insert into book_review (id, rating_id, time, text) values (2, 2, '2021-07-11 16:25:28', 'nulla elit ac nulla sed vel enim sit amet nunc viverra dapibus nulla suscipit ligula in lacus curabitur at ipsum');
insert into book_review (id, rating_id, time, text) values (3, 3, '2022-02-09 07:35:22', 'nulla pede ullamcorper augue a suscipit nulla elit ac nulla sed vel');
insert into book_review (id, rating_id, time, text) values (4, 4, '2022-04-10 12:45:36', 'tincidunt in leo maecenas pulvinar lobortis est phasellus sit amet erat');
insert into book_review (id, rating_id, time, text) values (5, 5, '2022-01-28 04:23:40', 'ac nibh fusce lacus purus aliquet at feugiat non pretium');
insert into book_review (id, rating_id, time, text) values (6, 6, '2021-10-02 07:11:18', 'consectetuer eget rutrum at lorem integer tincidunt ante vel ipsum praesent blandit lacinia erat vestibulum sed');
insert into book_review (id, rating_id, time, text) values (7, 7, '2021-05-06 16:03:43', 'sed vestibulum sit amet cursus id turpis integer aliquet massa');
insert into book_review (id, rating_id, time, text) values (8, 8, '2021-10-21 07:08:42', 'parturient montes nascetur ridiculus mus etiam vel augue vestibulum rutrum rutrum neque aenean auctor gravida sem praesent id');
insert into book_review (id, rating_id, time, text) values (9, 9, '2021-12-21 14:28:45', 'aliquet ultrices erat tortor sollicitudin mi sit amet lobortis sapien sapien non mi integer ac neque duis bibendum');
insert into book_review (id, rating_id, time, text) values (10, 10, '2021-07-13 07:45:48', 'volutpat eleifend donec ut dolor morbi vel lectus in quam fringilla rhoncus mauris enim leo rhoncus sed vestibulum sit');
insert into book_review (id, rating_id, time, text) values (11, 11, '2021-09-25 09:29:23', 'lectus suspendisse potenti in eleifend quam a odio in hac habitasse platea dictumst maecenas ut massa quis augue luctus');
insert into book_review (id, rating_id, time, text) values (12, 12, '2021-06-16 20:10:14', 'nibh in hac habitasse platea dictumst aliquam augue quam sollicitudin vitae consectetuer eget rutrum at lorem integer');
insert into book_review (id, rating_id, time, text) values (13, 13, '2021-11-15 03:41:27', 'maecenas pulvinar lobortis est phasellus sit amet erat nulla tempus vivamus in felis eu sapien cursus vestibulum');
insert into book_review (id, rating_id, time, text) values (14, 14, '2021-12-15 21:17:19', 'magna bibendum imperdiet nullam orci pede venenatis non sodales sed tincidunt eu felis');
insert into book_review (id, rating_id, time, text) values (15, 15, '2022-03-31 08:56:11', 'vestibulum vestibulum ante ipsum primis in faucibus orci luctus et ultrices posuere cubilia curae nulla');
insert into book_review (id, rating_id, time, text) values (16, 16, '2021-10-05 05:32:57', 'primis in faucibus orci luctus et ultrices posuere cubilia curae donec');
insert into book_review (id, rating_id, time, text) values (17, 17, '2021-05-28 17:08:10', 'dis parturient montes nascetur ridiculus mus etiam vel augue vestibulum rutrum rutrum neque aenean auctor gravida sem praesent');
insert into book_review (id, rating_id, time, text) values (18, 18, '2021-10-13 18:17:46', 'at velit vivamus vel nulla eget eros elementum pellentesque quisque');
insert into book_review (id, rating_id, time, text) values (19, 19, '2021-08-06 22:51:51', 'diam id ornare imperdiet sapien urna pretium nisl ut volutpat');
insert into book_review (id, rating_id, time, text) values (20, 20, '2021-06-21 03:14:52', 'cubilia curae donec pharetra magna vestibulum aliquet ultrices erat tortor sollicitudin mi sit amet');
insert into book_review (id, rating_id, time, text) values (21, 21, '2021-07-27 06:34:27', 'urna ut tellus nulla ut erat id mauris vulputate elementum nullam varius nulla facilisi');
insert into book_review (id, rating_id, time, text) values (22, 22, '2022-02-04 09:42:06', 'at nunc commodo placerat praesent blandit nam nulla integer pede justo lacinia eget tincidunt eget tempus vel');
insert into book_review (id, rating_id, time, text) values (23, 23, '2021-08-02 04:52:40', 'mauris eget massa tempor convallis nulla neque libero convallis eget eleifend');
insert into book_review (id, rating_id, time, text) values (24, 24, '2021-10-15 00:16:48', 'in consequat ut nulla sed accumsan felis ut at dolor quis odio consequat');
insert into book_review (id, rating_id, time, text) values (25, 25, '2022-03-01 21:42:11', 'nisi venenatis tristique fusce congue diam id ornare imperdiet sapien urna pretium nisl');
insert into book_review (id, rating_id, time, text) values (26, 26, '2021-05-08 06:09:00', 'orci vehicula condimentum curabitur in libero ut massa volutpat convallis');
insert into book_review (id, rating_id, time, text) values (27, 27, '2021-05-20 09:28:59', 'mattis egestas metus aenean fermentum donec ut mauris eget massa tempor convallis nulla');
insert into book_review (id, rating_id, time, text) values (28, 28, '2021-10-24 10:06:30', 'eleifend pede libero quis orci nullam molestie nibh in lectus pellentesque at nulla suspendisse potenti cras in purus eu');
insert into book_review (id, rating_id, time, text) values (29, 29, '2022-02-18 06:00:01', 'amet erat nulla tempus vivamus in felis eu sapien cursus vestibulum proin eu mi nulla ac');
insert into book_review (id, rating_id, time, text) values (30, 30, '2022-01-31 16:12:47', 'blandit ultrices enim lorem ipsum dolor sit amet consectetuer adipiscing elit proin interdum mauris non');
insert into book_review (id, rating_id, time, text) values (31, 31, '2021-08-05 08:20:17', 'sed interdum venenatis turpis enim blandit mi in porttitor pede justo eu massa donec dapibus duis at velit');
insert into book_review (id, rating_id, time, text) values (32, 32, '2021-06-02 14:33:37', 'amet lobortis sapien sapien non mi integer ac neque duis bibendum');
insert into book_review (id, rating_id, time, text) values (33, 33, '2021-09-22 04:35:28', 'nunc commodo placerat praesent blandit nam nulla integer pede justo lacinia eget tincidunt eget tempus vel pede morbi porttitor lorem');
insert into book_review (id, rating_id, time, text) values (34, 34, '2021-07-21 11:13:25', 'velit donec diam neque vestibulum eget vulputate ut ultrices vel augue vestibulum ante ipsum primis');
insert into book_review (id, rating_id, time, text) values (35, 35, '2021-12-20 18:18:23', 'urna ut tellus nulla ut erat id mauris vulputate elementum nullam varius nulla facilisi cras non velit nec nisi');
insert into book_review (id, rating_id, time, text) values (36, 36, '2021-10-24 19:42:21', 'bibendum imperdiet nullam orci pede venenatis non sodales sed tincidunt eu felis fusce posuere felis sed lacus morbi sem');
insert into book_review (id, rating_id, time, text) values (37, 37, '2021-12-24 01:51:10', 'orci luctus et ultrices posuere cubilia curae donec pharetra magna vestibulum aliquet ultrices erat tortor sollicitudin mi sit amet lobortis');
insert into book_review (id, rating_id, time, text) values (38, 38, '2021-08-14 08:22:53', 'dignissim vestibulum vestibulum ante ipsum primis in faucibus orci luctus et ultrices posuere cubilia curae');
insert into book_review (id, rating_id, time, text) values (39, 39, '2022-02-26 07:59:24', 'tincidunt nulla mollis molestie lorem quisque ut erat curabitur gravida nisi at nibh in hac habitasse platea dictumst aliquam augue');
insert into book_review (id, rating_id, time, text) values (40, 40, '2021-08-13 18:36:16', 'nulla eget eros elementum pellentesque quisque porta volutpat erat quisque erat eros viverra eget congue eget semper rutrum');
insert into book_review (id, rating_id, time, text) values (41, 41, '2021-10-31 12:56:55', 'amet sapien dignissim vestibulum vestibulum ante ipsum primis in faucibus orci luctus');
insert into book_review (id, rating_id, time, text) values (42, 42, '2022-01-23 02:49:49', 'nisi venenatis tristique fusce congue diam id ornare imperdiet sapien urna pretium nisl ut volutpat sapien arcu sed augue');
insert into book_review (id, rating_id, time, text) values (43, 43, '2021-08-06 22:54:23', 'eu est congue elementum in hac habitasse platea dictumst morbi vestibulum velit id pretium iaculis diam erat fermentum justo');
insert into book_review (id, rating_id, time, text) values (44, 44, '2021-07-12 12:23:22', 'lacus purus aliquet at feugiat non pretium quis lectus suspendisse potenti in eleifend quam a odio in');
insert into book_review (id, rating_id, time, text) values (45, 45, '2021-12-06 14:17:31', 'turpis eget elit sodales scelerisque mauris sit amet eros suspendisse accumsan');
insert into book_review (id, rating_id, time, text) values (46, 46, '2021-08-10 16:57:59', 'erat tortor sollicitudin mi sit amet lobortis sapien sapien non mi integer ac');
insert into book_review (id, rating_id, time, text) values (47, 47, '2022-01-08 13:53:02', 'donec diam neque vestibulum eget vulputate ut ultrices vel augue vestibulum ante ipsum primis in faucibus orci luctus et');
insert into book_review (id, rating_id, time, text) values (48, 48, '2021-09-16 06:05:53', 'orci luctus et ultrices posuere cubilia curae nulla dapibus dolor vel');
insert into book_review (id, rating_id, time, text) values (49, 49, '2022-01-26 04:50:10', 'vestibulum quam sapien varius ut blandit non interdum in ante vestibulum ante ipsum primis in faucibus');
insert into book_review (id, rating_id, time, text) values (50, 50, '2021-09-26 21:38:47', 'habitasse platea dictumst aliquam augue quam sollicitudin vitae consectetuer eget rutrum at lorem integer tincidunt ante vel ipsum praesent blandit');

insert into book_review_like (id, review_id, user_id , time, value) values (1, 28, 45, '2022-04-15 09:30:47', -1);
insert into book_review_like (id, review_id, user_id , time, value) values (2, 33, 8, '2021-11-21 09:40:24', -1);
insert into book_review_like (id, review_id, user_id , time, value) values (3, 34, 3, '2021-11-28 16:36:28', -1);
insert into book_review_like (id, review_id, user_id , time, value) values (4, 40, 40, '2021-07-06 19:54:22', 1);
insert into book_review_like (id, review_id, user_id , time, value) values (5, 14, 39, '2021-10-15 01:07:49', -1);
insert into book_review_like (id, review_id, user_id , time, value) values (6, 40, 10, '2021-06-19 08:01:56', 1);
insert into book_review_like (id, review_id, user_id , time, value) values (7, 3, 45, '2021-10-16 22:49:04', -1);
insert into book_review_like (id, review_id, user_id , time, value) values (8, 38, 6, '2021-04-18 15:09:15', -1);
insert into book_review_like (id, review_id, user_id , time, value) values (9, 50, 17, '2021-07-31 12:48:56', -1);
insert into book_review_like (id, review_id, user_id , time, value) values (10, 7, 2, '2021-12-27 08:29:21', -1);
insert into book_review_like (id, review_id, user_id , time, value) values (11, 22, 31, '2021-12-19 15:33:20', 1);
insert into book_review_like (id, review_id, user_id , time, value) values (12, 38, 32, '2021-05-17 13:16:55', -1);
insert into book_review_like (id, review_id, user_id , time, value) values (13, 35, 10, '2021-07-02 16:05:41', 1);
insert into book_review_like (id, review_id, user_id , time, value) values (14, 24, 38, '2021-09-07 09:34:34', -1);
insert into book_review_like (id, review_id, user_id , time, value) values (15, 18, 10, '2021-12-28 20:33:43', 1);
insert into book_review_like (id, review_id, user_id , time, value) values (16, 13, 10, '2022-02-02 15:42:33', 1);
insert into book_review_like (id, review_id, user_id , time, value) values (17, 30, 3, '2022-04-16 10:00:01', -1);
insert into book_review_like (id, review_id, user_id , time, value) values (18, 34, 42, '2021-09-02 16:25:28', -1);
insert into book_review_like (id, review_id, user_id , time, value) values (19, 21, 1, '2021-07-07 02:04:39', -1);
insert into book_review_like (id, review_id, user_id , time, value) values (20, 46, 7, '2021-05-26 05:03:09', -1);
insert into book_review_like (id, review_id, user_id , time, value) values (21, 39, 2, '2021-06-21 12:12:46', -1);
insert into book_review_like (id, review_id, user_id , time, value) values (22, 49, 38, '2021-12-09 21:44:33', -1);
insert into book_review_like (id, review_id, user_id , time, value) values (23, 8, 2, '2021-05-25 20:30:21', -1);
insert into book_review_like (id, review_id, user_id , time, value) values (24, 50, 22, '2022-01-31 20:00:06', 1);
insert into book_review_like (id, review_id, user_id , time, value) values (25, 28, 48, '2021-09-06 08:59:49', -1);
insert into book_review_like (id, review_id, user_id , time, value) values (26, 19, 17, '2022-02-06 12:34:29', 1);
insert into book_review_like (id, review_id, user_id , time, value) values (27, 36, 21, '2021-06-21 23:43:11', -1);
insert into book_review_like (id, review_id, user_id , time, value) values (28, 25, 32, '2022-04-11 17:44:12', 1);
insert into book_review_like (id, review_id, user_id , time, value) values (29, 13, 49, '2022-03-17 08:31:34', 1);
insert into book_review_like (id, review_id, user_id , time, value) values (30, 23, 20, '2021-12-02 06:11:28', -1);
insert into book_review_like (id, review_id, user_id , time, value) values (31, 36, 28, '2021-10-04 09:23:52', 1);
insert into book_review_like (id, review_id, user_id , time, value) values (32, 19, 5, '2021-05-27 20:26:55', -1);
insert into book_review_like (id, review_id, user_id , time, value) values (33, 31, 15, '2022-03-19 09:56:05', -1);
insert into book_review_like (id, review_id, user_id , time, value) values (34, 31, 45, '2022-04-16 08:59:29', -1);
insert into book_review_like (id, review_id, user_id , time, value) values (35, 20, 6, '2022-04-11 15:05:13', 1);
insert into book_review_like (id, review_id, user_id , time, value) values (36, 36, 14, '2022-02-10 14:47:37', 1);
insert into book_review_like (id, review_id, user_id , time, value) values (37, 31, 44, '2021-07-23 02:42:16', 1);
insert into book_review_like (id, review_id, user_id , time, value) values (38, 44, 13, '2021-07-10 10:23:02', 1);
insert into book_review_like (id, review_id, user_id , time, value) values (39, 42, 35, '2022-04-04 23:13:06', -1);
insert into book_review_like (id, review_id, user_id , time, value) values (40, 26, 33, '2022-03-31 08:53:58', -1);
insert into book_review_like (id, review_id, user_id , time, value) values (41, 16, 11, '2021-08-01 07:34:52', 1);
insert into book_review_like (id, review_id, user_id , time, value) values (42, 49, 8, '2022-02-18 16:18:12', 1);
insert into book_review_like (id, review_id, user_id , time, value) values (43, 26, 20, '2021-09-03 01:31:17', 1);
insert into book_review_like (id, review_id, user_id , time, value) values (44, 12, 39, '2021-09-24 13:47:06', 1);
insert into book_review_like (id, review_id, user_id , time, value) values (45, 42, 24, '2021-07-20 09:17:59', 1);
insert into book_review_like (id, review_id, user_id , time, value) values (46, 19, 3, '2021-09-01 15:31:50', -1);
insert into book_review_like (id, review_id, user_id , time, value) values (47, 32, 35, '2021-06-06 13:02:33', 1);
insert into book_review_like (id, review_id, user_id , time, value) values (48, 28, 44, '2021-07-05 04:55:41', -1);
insert into book_review_like (id, review_id, user_id , time, value) values (49, 16, 14, '2022-01-05 03:27:37', 1);
insert into book_review_like (id, review_id, user_id , time, value) values (50, 1, 37, '2022-01-28 11:18:15', -1);
insert into book_review_like (id, review_id, user_id , time, value) values (51, 49, 48, '2021-05-31 07:31:32', 1);
insert into book_review_like (id, review_id, user_id , time, value) values (52, 38, 27, '2021-06-07 00:29:54', -1);
insert into book_review_like (id, review_id, user_id , time, value) values (53, 25, 14, '2021-05-24 21:26:12', 1);
insert into book_review_like (id, review_id, user_id , time, value) values (54, 50, 22, '2022-04-03 01:56:56', 1);
insert into book_review_like (id, review_id, user_id , time, value) values (55, 14, 23, '2021-07-24 20:21:25', -1);
insert into book_review_like (id, review_id, user_id , time, value) values (56, 12, 23, '2021-04-20 16:39:49', -1);
insert into book_review_like (id, review_id, user_id , time, value) values (57, 45, 10, '2021-12-26 04:05:48', 1);
insert into book_review_like (id, review_id, user_id , time, value) values (58, 44, 46, '2022-03-15 12:19:39', 1);
insert into book_review_like (id, review_id, user_id , time, value) values (59, 5, 39, '2021-10-06 23:11:51', -1);
insert into book_review_like (id, review_id, user_id , time, value) values (60, 46, 37, '2021-04-29 19:56:31', -1);
insert into book_review_like (id, review_id, user_id , time, value) values (61, 6, 10, '2022-02-26 07:22:18', -1);
insert into book_review_like (id, review_id, user_id , time, value) values (62, 31, 25, '2022-03-11 05:32:44', -1);
insert into book_review_like (id, review_id, user_id , time, value) values (63, 46, 17, '2022-04-04 21:10:12', 1);
insert into book_review_like (id, review_id, user_id , time, value) values (64, 15, 37, '2021-05-13 07:16:57', -1);
insert into book_review_like (id, review_id, user_id , time, value) values (65, 13, 41, '2021-04-23 07:42:58', 1);
insert into book_review_like (id, review_id, user_id , time, value) values (66, 45, 1, '2021-07-10 15:22:25', 1);
insert into book_review_like (id, review_id, user_id , time, value) values (67, 14, 1, '2021-04-21 10:00:48', -1);
insert into book_review_like (id, review_id, user_id , time, value) values (68, 38, 38, '2021-05-25 00:54:52', -1);
insert into book_review_like (id, review_id, user_id , time, value) values (69, 44, 29, '2021-09-30 12:28:21', 1);
insert into book_review_like (id, review_id, user_id , time, value) values (70, 42, 23, '2022-02-26 01:47:47', -1);
insert into book_review_like (id, review_id, user_id , time, value) values (71, 33, 37, '2021-09-27 08:19:32', -1);
insert into book_review_like (id, review_id, user_id , time, value) values (72, 28, 49, '2021-06-06 17:13:17', -1);
insert into book_review_like (id, review_id, user_id , time, value) values (73, 24, 15, '2022-04-12 10:28:36', 1);
insert into book_review_like (id, review_id, user_id , time, value) values (74, 8, 18, '2021-12-28 01:34:06', -1);
insert into book_review_like (id, review_id, user_id , time, value) values (75, 16, 46, '2022-04-04 08:06:20', -1);
insert into book_review_like (id, review_id, user_id , time, value) values (76, 41, 35, '2021-07-27 02:04:35', -1);
insert into book_review_like (id, review_id, user_id , time, value) values (77, 13, 28, '2021-10-23 05:58:56', -1);
insert into book_review_like (id, review_id, user_id , time, value) values (78, 14, 48, '2021-11-21 09:19:02', -1);
insert into book_review_like (id, review_id, user_id , time, value) values (79, 2, 37, '2022-03-23 09:41:23', -1);
insert into book_review_like (id, review_id, user_id , time, value) values (80, 50, 39, '2022-02-26 00:33:20', 1);
insert into book_review_like (id, review_id, user_id , time, value) values (81, 43, 16, '2021-05-13 01:50:19', 1);
insert into book_review_like (id, review_id, user_id , time, value) values (82, 11, 34, '2021-05-02 22:18:36', -1);
insert into book_review_like (id, review_id, user_id , time, value) values (83, 38, 7, '2021-10-05 02:28:26', 1);
insert into book_review_like (id, review_id, user_id , time, value) values (84, 15, 1, '2022-02-26 21:31:42', -1);
insert into book_review_like (id, review_id, user_id , time, value) values (85, 36, 43, '2021-12-08 08:40:34', -1);
insert into book_review_like (id, review_id, user_id , time, value) values (86, 26, 14, '2021-11-20 14:01:11', 1);
insert into book_review_like (id, review_id, user_id , time, value) values (87, 43, 35, '2021-09-05 18:48:51', 1);
insert into book_review_like (id, review_id, user_id , time, value) values (88, 2, 48, '2022-01-24 17:30:02', 1);
insert into book_review_like (id, review_id, user_id , time, value) values (89, 6, 45, '2021-06-20 09:03:50', -1);
insert into book_review_like (id, review_id, user_id , time, value) values (90, 11, 42, '2022-01-09 21:54:00', 1);
insert into book_review_like (id, review_id, user_id , time, value) values (91, 14, 50, '2022-02-11 02:15:39', -1);
insert into book_review_like (id, review_id, user_id , time, value) values (92, 26, 12, '2021-10-11 00:16:18', 1);
insert into book_review_like (id, review_id, user_id , time, value) values (93, 21, 2, '2021-09-17 15:18:56', 1);
insert into book_review_like (id, review_id, user_id , time, value) values (94, 29, 10, '2022-03-13 06:43:16', 1);
insert into book_review_like (id, review_id, user_id , time, value) values (95, 26, 18, '2022-01-18 16:56:02', -1);
insert into book_review_like (id, review_id, user_id , time, value) values (96, 9, 7, '2021-04-18 20:32:16', -1);
insert into book_review_like (id, review_id, user_id , time, value) values (97, 3, 21, '2021-08-17 22:28:22', -1);
insert into book_review_like (id, review_id, user_id , time, value) values (98, 41, 6, '2021-05-13 08:15:03', 1);
insert into book_review_like (id, review_id, user_id , time, value) values (99, 28, 31, '2021-08-13 08:49:28', -1);
insert into book_review_like (id, review_id, user_id , time, value) values (100, 47, 19, '2021-05-29 12:56:30', 1);
insert into book_review_like (id, review_id, user_id , time, value) values (101, 22, 4, '2021-07-12 04:12:16', -1);
insert into book_review_like (id, review_id, user_id , time, value) values (102, 31, 44, '2021-09-25 01:19:23', -1);
insert into book_review_like (id, review_id, user_id , time, value) values (103, 15, 29, '2022-04-04 13:09:00', 1);
insert into book_review_like (id, review_id, user_id , time, value) values (104, 14, 18, '2022-01-08 21:39:41', 1);
insert into book_review_like (id, review_id, user_id , time, value) values (105, 6, 45, '2021-05-25 17:53:37', 1);
insert into book_review_like (id, review_id, user_id , time, value) values (106, 19, 13, '2021-10-15 14:38:47', -1);
insert into book_review_like (id, review_id, user_id , time, value) values (107, 16, 43, '2022-03-01 07:03:02', 1);
insert into book_review_like (id, review_id, user_id , time, value) values (108, 17, 33, '2021-08-31 22:02:36', 1);
insert into book_review_like (id, review_id, user_id , time, value) values (109, 18, 50, '2022-04-06 09:47:18', -1);
insert into book_review_like (id, review_id, user_id , time, value) values (110, 5, 32, '2022-01-18 10:40:13', 1);
insert into book_review_like (id, review_id, user_id , time, value) values (111, 24, 8, '2021-11-08 07:27:26', -1);
insert into book_review_like (id, review_id, user_id , time, value) values (112, 15, 29, '2021-09-02 03:07:03', -1);
insert into book_review_like (id, review_id, user_id , time, value) values (113, 49, 39, '2022-01-31 20:25:15', 1);
insert into book_review_like (id, review_id, user_id , time, value) values (114, 40, 36, '2021-07-10 17:26:37', 1);
insert into book_review_like (id, review_id, user_id , time, value) values (115, 40, 43, '2021-09-03 09:38:18', -1);
insert into book_review_like (id, review_id, user_id , time, value) values (116, 45, 38, '2021-06-11 00:13:17', 1);
insert into book_review_like (id, review_id, user_id , time, value) values (117, 21, 39, '2022-02-11 06:55:30', -1);
insert into book_review_like (id, review_id, user_id , time, value) values (118, 28, 48, '2021-06-19 19:23:36', 1);
insert into book_review_like (id, review_id, user_id , time, value) values (119, 6, 17, '2022-02-25 12:51:41', 1);
insert into book_review_like (id, review_id, user_id , time, value) values (120, 6, 18, '2021-09-19 19:41:25', 1);
insert into book_review_like (id, review_id, user_id , time, value) values (121, 36, 34, '2021-09-17 23:10:50', 1);
insert into book_review_like (id, review_id, user_id , time, value) values (122, 41, 25, '2021-09-08 11:20:32', -1);
insert into book_review_like (id, review_id, user_id , time, value) values (123, 31, 29, '2022-03-08 12:29:45', 1);
insert into book_review_like (id, review_id, user_id , time, value) values (124, 36, 1, '2021-05-02 22:36:26', 1);
insert into book_review_like (id, review_id, user_id , time, value) values (125, 12, 17, '2021-08-30 15:14:16', -1);
insert into book_review_like (id, review_id, user_id , time, value) values (126, 11, 8, '2021-09-19 17:11:53', 1);
insert into book_review_like (id, review_id, user_id , time, value) values (127, 36, 45, '2021-06-27 09:51:19', -1);
insert into book_review_like (id, review_id, user_id , time, value) values (128, 39, 44, '2021-08-17 04:21:40', -1);
insert into book_review_like (id, review_id, user_id , time, value) values (129, 20, 18, '2021-05-22 21:18:56', 1);
insert into book_review_like (id, review_id, user_id , time, value) values (130, 28, 2, '2021-05-25 23:30:40', 1);
insert into book_review_like (id, review_id, user_id , time, value) values (131, 3, 15, '2021-08-11 10:39:19', 1);
insert into book_review_like (id, review_id, user_id , time, value) values (132, 43, 49, '2021-06-10 09:08:23', -1);
insert into book_review_like (id, review_id, user_id , time, value) values (133, 8, 15, '2021-05-23 05:22:08', -1);
insert into book_review_like (id, review_id, user_id , time, value) values (134, 42, 6, '2021-12-04 05:29:07', -1);
insert into book_review_like (id, review_id, user_id , time, value) values (135, 6, 20, '2021-10-23 00:32:24', 1);
insert into book_review_like (id, review_id, user_id , time, value) values (136, 50, 29, '2021-07-02 18:26:06', -1);
insert into book_review_like (id, review_id, user_id , time, value) values (137, 19, 20, '2021-12-30 00:24:40', -1);
insert into book_review_like (id, review_id, user_id , time, value) values (138, 45, 21, '2021-07-04 15:44:40', 1);
insert into book_review_like (id, review_id, user_id , time, value) values (139, 18, 2, '2022-01-22 22:55:20', -1);
insert into book_review_like (id, review_id, user_id , time, value) values (140, 35, 46, '2022-01-28 02:00:09', 1);
insert into book_review_like (id, review_id, user_id , time, value) values (141, 28, 34, '2022-03-02 14:43:32', -1);
insert into book_review_like (id, review_id, user_id , time, value) values (142, 18, 1, '2022-01-31 06:31:40', 1);
insert into book_review_like (id, review_id, user_id , time, value) values (143, 37, 8, '2022-01-21 10:35:29', -1);
insert into book_review_like (id, review_id, user_id , time, value) values (144, 11, 19, '2021-11-14 07:45:40', 1);
insert into book_review_like (id, review_id, user_id , time, value) values (145, 25, 36, '2021-06-17 16:55:48', 1);
insert into book_review_like (id, review_id, user_id , time, value) values (146, 41, 11, '2022-01-02 14:34:56', 1);
insert into book_review_like (id, review_id, user_id , time, value) values (147, 7, 45, '2021-08-15 21:03:43', -1);
insert into book_review_like (id, review_id, user_id , time, value) values (148, 48, 42, '2021-12-19 23:03:18', -1);
insert into book_review_like (id, review_id, user_id , time, value) values (149, 27, 36, '2021-11-23 01:42:44', -1);
insert into book_review_like (id, review_id, user_id , time, value) values (150, 32, 41, '2021-08-29 09:55:19', -1);
insert into book_review_like (id, review_id, user_id , time, value) values (151, 48, 13, '2021-05-05 14:30:57', 1);
insert into book_review_like (id, review_id, user_id , time, value) values (152, 3, 43, '2021-11-15 21:00:39', -1);
insert into book_review_like (id, review_id, user_id , time, value) values (153, 6, 11, '2021-08-05 16:12:38', -1);
insert into book_review_like (id, review_id, user_id , time, value) values (154, 39, 49, '2021-04-25 19:28:54', -1);
insert into book_review_like (id, review_id, user_id , time, value) values (155, 23, 50, '2021-10-20 12:21:08', 1);
insert into book_review_like (id, review_id, user_id , time, value) values (156, 23, 23, '2022-04-02 23:58:19', 1);
insert into book_review_like (id, review_id, user_id , time, value) values (157, 10, 11, '2021-08-27 20:34:33', -1);
insert into book_review_like (id, review_id, user_id , time, value) values (158, 40, 48, '2022-03-18 12:43:17', 1);
insert into book_review_like (id, review_id, user_id , time, value) values (159, 42, 26, '2021-10-13 22:29:12', -1);
insert into book_review_like (id, review_id, user_id , time, value) values (160, 25, 21, '2022-01-22 05:57:35', 1);
insert into book_review_like (id, review_id, user_id , time, value) values (161, 12, 30, '2021-10-06 20:30:55', 1);
insert into book_review_like (id, review_id, user_id , time, value) values (162, 26, 25, '2022-01-10 08:54:51', 1);
insert into book_review_like (id, review_id, user_id , time, value) values (163, 42, 45, '2021-05-24 00:26:20', 1);
insert into book_review_like (id, review_id, user_id , time, value) values (164, 5, 15, '2021-06-17 11:20:15', -1);
insert into book_review_like (id, review_id, user_id , time, value) values (165, 13, 7, '2021-07-01 09:32:47', -1);
insert into book_review_like (id, review_id, user_id , time, value) values (166, 12, 33, '2022-02-27 18:25:17', 1);
insert into book_review_like (id, review_id, user_id , time, value) values (167, 16, 22, '2022-04-11 16:01:07', 1);
insert into book_review_like (id, review_id, user_id , time, value) values (168, 27, 47, '2021-11-02 06:29:05', 1);
insert into book_review_like (id, review_id, user_id , time, value) values (169, 25, 8, '2022-03-08 16:47:30', 1);
insert into book_review_like (id, review_id, user_id , time, value) values (170, 4, 49, '2021-11-13 17:56:51', 1);
insert into book_review_like (id, review_id, user_id , time, value) values (171, 33, 1, '2021-07-28 19:13:19', 1);
insert into book_review_like (id, review_id, user_id , time, value) values (172, 1, 21, '2022-04-12 17:55:30', 1);
insert into book_review_like (id, review_id, user_id , time, value) values (173, 15, 27, '2021-07-17 09:21:47', -1);
insert into book_review_like (id, review_id, user_id , time, value) values (174, 20, 13, '2021-06-19 11:15:22', -1);
insert into book_review_like (id, review_id, user_id , time, value) values (175, 36, 31, '2021-11-26 18:38:58', 1);
insert into book_review_like (id, review_id, user_id , time, value) values (176, 41, 50, '2021-07-04 02:17:02', 1);
insert into book_review_like (id, review_id, user_id , time, value) values (177, 36, 9, '2022-02-12 02:55:21', -1);
insert into book_review_like (id, review_id, user_id , time, value) values (178, 11, 8, '2022-02-02 23:42:46', -1);
insert into book_review_like (id, review_id, user_id , time, value) values (179, 9, 37, '2021-08-21 13:20:38', -1);
insert into book_review_like (id, review_id, user_id , time, value) values (180, 47, 2, '2022-03-21 05:13:57', 1);
insert into book_review_like (id, review_id, user_id , time, value) values (181, 17, 49, '2022-03-05 16:11:31', -1);
insert into book_review_like (id, review_id, user_id , time, value) values (182, 24, 42, '2021-12-01 21:31:01', 1);
insert into book_review_like (id, review_id, user_id , time, value) values (183, 33, 27, '2021-09-22 15:53:11', 1);
insert into book_review_like (id, review_id, user_id , time, value) values (184, 43, 32, '2021-05-11 05:04:46', 1);
insert into book_review_like (id, review_id, user_id , time, value) values (185, 2, 44, '2021-10-11 00:04:44', -1);
insert into book_review_like (id, review_id, user_id , time, value) values (186, 32, 31, '2021-09-01 16:26:31', 1);
insert into book_review_like (id, review_id, user_id , time, value) values (187, 44, 29, '2022-03-18 00:26:25', 1);
insert into book_review_like (id, review_id, user_id , time, value) values (188, 29, 5, '2022-03-23 11:03:54', 1);
insert into book_review_like (id, review_id, user_id , time, value) values (189, 45, 29, '2021-05-27 15:06:36', 1);
insert into book_review_like (id, review_id, user_id , time, value) values (190, 30, 13, '2021-07-14 18:14:44', 1);
insert into book_review_like (id, review_id, user_id , time, value) values (191, 28, 15, '2021-09-02 17:48:14', 1);
insert into book_review_like (id, review_id, user_id , time, value) values (192, 1, 16, '2021-11-23 06:48:26', -1);
insert into book_review_like (id, review_id, user_id , time, value) values (193, 3, 1, '2021-05-02 01:43:55', 1);
insert into book_review_like (id, review_id, user_id , time, value) values (194, 29, 27, '2021-11-07 16:59:18', -1);
insert into book_review_like (id, review_id, user_id , time, value) values (195, 18, 34, '2021-04-22 11:32:49', -1);
insert into book_review_like (id, review_id, user_id , time, value) values (196, 32, 38, '2021-08-10 02:52:21', 1);
insert into book_review_like (id, review_id, user_id , time, value) values (197, 28, 26, '2021-09-06 13:28:36', 1);
insert into book_review_like (id, review_id, user_id , time, value) values (198, 44, 48, '2021-12-15 20:12:38', 1);
insert into book_review_like (id, review_id, user_id , time, value) values (199, 10, 23, '2021-11-08 09:17:22', -1);
insert into book_review_like (id, review_id, user_id , time, value) values (200, 12, 34, '2021-07-24 09:32:44', 1);
insert into book_review_like (id, review_id, user_id , time, value) values (201, 24, 7, '2022-04-13 15:48:32', -1);
insert into book_review_like (id, review_id, user_id , time, value) values (202, 46, 1, '2021-09-08 08:15:32', -1);
insert into book_review_like (id, review_id, user_id , time, value) values (203, 13, 38, '2022-02-22 12:42:32', 1);
insert into book_review_like (id, review_id, user_id , time, value) values (204, 22, 18, '2021-05-10 23:09:25', 1);
insert into book_review_like (id, review_id, user_id , time, value) values (205, 45, 26, '2021-08-17 18:28:34', 1);
insert into book_review_like (id, review_id, user_id , time, value) values (206, 30, 25, '2021-08-29 07:18:16', 1);
insert into book_review_like (id, review_id, user_id , time, value) values (207, 30, 32, '2021-11-16 21:26:31', -1);
insert into book_review_like (id, review_id, user_id , time, value) values (208, 40, 38, '2021-04-19 22:46:15', 1);
insert into book_review_like (id, review_id, user_id , time, value) values (209, 16, 19, '2021-06-13 06:15:27', -1);
insert into book_review_like (id, review_id, user_id , time, value) values (210, 2, 8, '2022-01-28 15:27:43', 1);
insert into book_review_like (id, review_id, user_id , time, value) values (211, 9, 37, '2021-08-21 02:34:49', 1);
insert into book_review_like (id, review_id, user_id , time, value) values (212, 6, 37, '2021-04-22 19:40:22', -1);
insert into book_review_like (id, review_id, user_id , time, value) values (213, 2, 41, '2021-10-01 21:48:39', -1);
insert into book_review_like (id, review_id, user_id , time, value) values (214, 40, 4, '2021-08-16 15:11:05', -1);
insert into book_review_like (id, review_id, user_id , time, value) values (215, 45, 44, '2021-11-11 13:22:35', 1);
insert into book_review_like (id, review_id, user_id , time, value) values (216, 23, 9, '2021-06-25 18:53:13', -1);
insert into book_review_like (id, review_id, user_id , time, value) values (217, 32, 39, '2022-01-07 03:21:55', 1);
insert into book_review_like (id, review_id, user_id , time, value) values (218, 6, 48, '2021-10-17 22:14:31', -1);
insert into book_review_like (id, review_id, user_id , time, value) values (219, 46, 42, '2021-09-08 00:21:54', -1);
insert into book_review_like (id, review_id, user_id , time, value) values (220, 16, 19, '2022-02-03 04:45:58', -1);
insert into book_review_like (id, review_id, user_id , time, value) values (221, 9, 10, '2021-05-26 18:59:29', -1);
insert into book_review_like (id, review_id, user_id , time, value) values (222, 44, 10, '2022-01-08 11:16:56', -1);
insert into book_review_like (id, review_id, user_id , time, value) values (223, 28, 42, '2021-05-01 21:22:03', -1);
insert into book_review_like (id, review_id, user_id , time, value) values (224, 29, 6, '2021-06-12 12:47:55', 1);
insert into book_review_like (id, review_id, user_id , time, value) values (225, 26, 6, '2021-10-15 16:52:31', -1);
insert into book_review_like (id, review_id, user_id , time, value) values (226, 49, 25, '2021-10-31 16:38:25', -1);
insert into book_review_like (id, review_id, user_id , time, value) values (227, 8, 34, '2022-03-25 03:04:04', 1);
insert into book_review_like (id, review_id, user_id , time, value) values (228, 20, 26, '2021-08-11 20:14:53', 1);
insert into book_review_like (id, review_id, user_id , time, value) values (229, 22, 30, '2021-11-18 18:59:36', 1);
insert into book_review_like (id, review_id, user_id , time, value) values (230, 17, 19, '2021-06-25 23:25:32', 1);
insert into book_review_like (id, review_id, user_id , time, value) values (231, 46, 20, '2022-02-16 22:29:57', 1);
insert into book_review_like (id, review_id, user_id , time, value) values (232, 21, 28, '2021-12-10 06:33:58', 1);
insert into book_review_like (id, review_id, user_id , time, value) values (233, 49, 32, '2021-12-15 01:17:42', 1);
insert into book_review_like (id, review_id, user_id , time, value) values (234, 3, 17, '2021-12-06 13:42:46', -1);
insert into book_review_like (id, review_id, user_id , time, value) values (235, 24, 24, '2021-09-09 07:44:40', -1);
insert into book_review_like (id, review_id, user_id , time, value) values (236, 26, 30, '2021-10-08 11:37:20', -1);
insert into book_review_like (id, review_id, user_id , time, value) values (237, 47, 13, '2022-03-09 00:21:57', 1);
insert into book_review_like (id, review_id, user_id , time, value) values (238, 42, 38, '2022-01-12 01:42:43', -1);
insert into book_review_like (id, review_id, user_id , time, value) values (239, 34, 13, '2021-06-02 00:49:03', 1);
insert into book_review_like (id, review_id, user_id , time, value) values (240, 4, 35, '2021-10-13 22:46:28', 1);
insert into book_review_like (id, review_id, user_id , time, value) values (241, 43, 28, '2021-07-14 12:09:26', -1);
insert into book_review_like (id, review_id, user_id , time, value) values (242, 50, 46, '2021-10-22 23:13:38', -1);
insert into book_review_like (id, review_id, user_id , time, value) values (243, 22, 1, '2021-11-09 10:15:24', -1);
insert into book_review_like (id, review_id, user_id , time, value) values (244, 21, 27, '2022-01-08 16:30:34', -1);
insert into book_review_like (id, review_id, user_id , time, value) values (245, 16, 42, '2021-11-08 08:08:06', -1);
insert into book_review_like (id, review_id, user_id , time, value) values (246, 8, 13, '2021-10-18 10:40:17', 1);
insert into book_review_like (id, review_id, user_id , time, value) values (247, 16, 10, '2022-01-14 07:54:18', -1);
insert into book_review_like (id, review_id, user_id , time, value) values (248, 34, 49, '2022-01-07 15:12:25', 1);
insert into book_review_like (id, review_id, user_id , time, value) values (249, 43, 40, '2022-01-12 23:16:02', 1);
insert into book_review_like (id, review_id, user_id , time, value) values (250, 17, 50, '2022-01-20 02:13:48', 1);
insert into book_review_like (id, review_id, user_id , time, value) values (251, 33, 11, '2021-08-30 06:35:58', -1);
insert into book_review_like (id, review_id, user_id , time, value) values (252, 31, 17, '2021-05-18 16:19:34', 1);
insert into book_review_like (id, review_id, user_id , time, value) values (253, 48, 7, '2021-09-02 17:25:51', -1);
insert into book_review_like (id, review_id, user_id , time, value) values (254, 46, 27, '2021-09-18 13:49:44', 1);
insert into book_review_like (id, review_id, user_id , time, value) values (255, 47, 17, '2021-11-27 17:08:02', -1);
insert into book_review_like (id, review_id, user_id , time, value) values (256, 1, 21, '2021-12-29 19:19:29', 1);
insert into book_review_like (id, review_id, user_id , time, value) values (257, 25, 5, '2022-04-10 04:37:13', -1);
insert into book_review_like (id, review_id, user_id , time, value) values (258, 31, 10, '2021-06-24 02:31:05', 1);
insert into book_review_like (id, review_id, user_id , time, value) values (259, 30, 23, '2021-07-29 08:20:26', -1);
insert into book_review_like (id, review_id, user_id , time, value) values (260, 15, 35, '2021-08-15 12:11:42', -1);
insert into book_review_like (id, review_id, user_id , time, value) values (261, 1, 15, '2021-11-10 10:06:29', 1);
insert into book_review_like (id, review_id, user_id , time, value) values (262, 50, 9, '2021-11-22 06:52:45', -1);
insert into book_review_like (id, review_id, user_id , time, value) values (263, 31, 34, '2021-10-10 03:26:38', 1);
insert into book_review_like (id, review_id, user_id , time, value) values (264, 7, 40, '2021-06-12 01:42:32', -1);
insert into book_review_like (id, review_id, user_id , time, value) values (265, 41, 19, '2021-08-14 07:43:39', -1);
insert into book_review_like (id, review_id, user_id , time, value) values (266, 12, 5, '2021-12-21 17:03:33', 1);
insert into book_review_like (id, review_id, user_id , time, value) values (267, 9, 39, '2021-06-29 01:18:50', -1);
insert into book_review_like (id, review_id, user_id , time, value) values (268, 26, 34, '2022-03-11 04:14:15', -1);
insert into book_review_like (id, review_id, user_id , time, value) values (269, 8, 27, '2022-03-20 11:00:04', -1);
insert into book_review_like (id, review_id, user_id , time, value) values (270, 8, 6, '2021-11-23 03:20:18', -1);
insert into book_review_like (id, review_id, user_id , time, value) values (271, 10, 22, '2022-02-14 14:24:15', -1);
insert into book_review_like (id, review_id, user_id , time, value) values (272, 29, 42, '2021-08-06 08:41:59', 1);
insert into book_review_like (id, review_id, user_id , time, value) values (273, 16, 23, '2021-10-27 21:59:04', -1);
insert into book_review_like (id, review_id, user_id , time, value) values (274, 11, 47, '2021-09-27 17:39:07', 1);
insert into book_review_like (id, review_id, user_id , time, value) values (275, 23, 42, '2021-05-03 23:14:10', -1);
insert into book_review_like (id, review_id, user_id , time, value) values (276, 40, 41, '2021-04-18 07:53:40', 1);
insert into book_review_like (id, review_id, user_id , time, value) values (277, 22, 6, '2021-07-27 14:22:07', 1);
insert into book_review_like (id, review_id, user_id , time, value) values (278, 43, 2, '2022-03-28 23:14:22', 1);
insert into book_review_like (id, review_id, user_id , time, value) values (279, 20, 4, '2021-10-13 07:47:18', 1);
insert into book_review_like (id, review_id, user_id , time, value) values (280, 46, 38, '2021-10-09 03:48:54', 1);
insert into book_review_like (id, review_id, user_id , time, value) values (281, 39, 13, '2021-07-13 22:01:12', 1);
insert into book_review_like (id, review_id, user_id , time, value) values (282, 8, 43, '2021-12-03 13:05:25', -1);
insert into book_review_like (id, review_id, user_id , time, value) values (283, 14, 30, '2021-11-30 14:53:23', -1);
insert into book_review_like (id, review_id, user_id , time, value) values (284, 24, 14, '2021-10-05 12:54:00', -1);
insert into book_review_like (id, review_id, user_id , time, value) values (285, 13, 21, '2021-05-26 12:01:38', 1);
insert into book_review_like (id, review_id, user_id , time, value) values (286, 24, 5, '2022-01-25 04:22:53', -1);
insert into book_review_like (id, review_id, user_id , time, value) values (287, 47, 11, '2021-10-16 13:33:31', 1);
insert into book_review_like (id, review_id, user_id , time, value) values (288, 33, 26, '2021-08-11 21:42:36', -1);
insert into book_review_like (id, review_id, user_id , time, value) values (289, 15, 34, '2021-09-06 15:55:11', -1);
insert into book_review_like (id, review_id, user_id , time, value) values (290, 28, 7, '2022-01-27 07:30:44', 1);
insert into book_review_like (id, review_id, user_id , time, value) values (291, 20, 21, '2022-02-20 19:10:59', 1);
insert into book_review_like (id, review_id, user_id , time, value) values (292, 9, 42, '2021-12-16 21:49:42', 1);
insert into book_review_like (id, review_id, user_id , time, value) values (293, 46, 19, '2021-08-07 05:24:21', -1);
insert into book_review_like (id, review_id, user_id , time, value) values (294, 5, 24, '2021-08-12 11:34:21', 1);
insert into book_review_like (id, review_id, user_id , time, value) values (295, 9, 48, '2021-07-22 00:41:23', -1);
insert into book_review_like (id, review_id, user_id , time, value) values (296, 17, 8, '2022-02-28 03:48:29', -1);
insert into book_review_like (id, review_id, user_id , time, value) values (297, 38, 48, '2022-01-06 15:01:11', -1);
insert into book_review_like (id, review_id, user_id , time, value) values (298, 31, 4, '2021-05-19 01:34:22', -1);
insert into book_review_like (id, review_id, user_id , time, value) values (299, 50, 32, '2022-01-10 16:09:38', 1);
insert into book_review_like (id, review_id, user_id , time, value) values (300, 3, 43, '2021-07-02 20:55:51', -1);
insert into book_review_like (id, review_id, user_id , time, value) values (301, 30, 10, '2021-08-03 15:39:50', -1);
insert into book_review_like (id, review_id, user_id , time, value) values (302, 47, 42, '2022-02-12 12:15:08', -1);
insert into book_review_like (id, review_id, user_id , time, value) values (303, 15, 17, '2022-03-12 06:52:42', -1);
insert into book_review_like (id, review_id, user_id , time, value) values (304, 8, 30, '2022-03-27 05:38:21', 1);
insert into book_review_like (id, review_id, user_id , time, value) values (305, 26, 34, '2021-09-10 23:00:39', -1);
insert into book_review_like (id, review_id, user_id , time, value) values (306, 33, 4, '2021-05-30 06:53:46', -1);
insert into book_review_like (id, review_id, user_id , time, value) values (307, 12, 4, '2021-06-16 17:39:34', 1);
insert into book_review_like (id, review_id, user_id , time, value) values (308, 36, 28, '2021-07-23 18:13:01', -1);
insert into book_review_like (id, review_id, user_id , time, value) values (309, 22, 20, '2021-06-01 09:46:25', -1);
insert into book_review_like (id, review_id, user_id , time, value) values (310, 41, 12, '2022-01-13 06:48:40', -1);
insert into book_review_like (id, review_id, user_id , time, value) values (311, 43, 15, '2021-11-19 05:04:12', -1);
insert into book_review_like (id, review_id, user_id , time, value) values (312, 27, 10, '2021-06-05 07:47:24', -1);
insert into book_review_like (id, review_id, user_id , time, value) values (313, 29, 21, '2022-02-08 00:25:58', 1);
insert into book_review_like (id, review_id, user_id , time, value) values (314, 23, 22, '2021-11-24 14:57:07', 1);
insert into book_review_like (id, review_id, user_id , time, value) values (315, 23, 31, '2022-01-28 19:57:02', -1);
insert into book_review_like (id, review_id, user_id , time, value) values (316, 12, 9, '2021-11-03 10:52:09', 1);
insert into book_review_like (id, review_id, user_id , time, value) values (317, 3, 18, '2021-08-28 20:50:57', 1);
insert into book_review_like (id, review_id, user_id , time, value) values (318, 46, 6, '2021-12-10 07:54:43', -1);
insert into book_review_like (id, review_id, user_id , time, value) values (319, 35, 44, '2021-12-03 10:21:37', -1);
insert into book_review_like (id, review_id, user_id , time, value) values (320, 28, 2, '2021-07-10 08:09:40', -1);
insert into book_review_like (id, review_id, user_id , time, value) values (321, 30, 47, '2021-05-27 15:39:34', -1);
insert into book_review_like (id, review_id, user_id , time, value) values (322, 25, 12, '2021-07-22 16:56:39', 1);
insert into book_review_like (id, review_id, user_id , time, value) values (323, 31, 20, '2021-12-28 16:48:18', -1);
insert into book_review_like (id, review_id, user_id , time, value) values (324, 37, 23, '2022-02-05 06:12:42', 1);
insert into book_review_like (id, review_id, user_id , time, value) values (325, 35, 47, '2022-03-17 10:53:33', -1);
insert into book_review_like (id, review_id, user_id , time, value) values (326, 21, 46, '2021-07-14 17:47:10', 1);
insert into book_review_like (id, review_id, user_id , time, value) values (327, 15, 47, '2021-09-28 14:12:35', -1);
insert into book_review_like (id, review_id, user_id , time, value) values (328, 21, 38, '2021-05-16 21:29:58', -1);
insert into book_review_like (id, review_id, user_id , time, value) values (329, 28, 48, '2021-06-26 18:02:25', 1);
insert into book_review_like (id, review_id, user_id , time, value) values (330, 39, 16, '2021-04-27 10:09:34', 1);
insert into book_review_like (id, review_id, user_id , time, value) values (331, 26, 43, '2021-07-20 12:50:12', 1);
insert into book_review_like (id, review_id, user_id , time, value) values (332, 46, 11, '2022-04-06 21:25:33', -1);
insert into book_review_like (id, review_id, user_id , time, value) values (333, 39, 41, '2021-10-13 14:08:51', 1);
insert into book_review_like (id, review_id, user_id , time, value) values (334, 42, 14, '2021-09-08 09:51:22', -1);
insert into book_review_like (id, review_id, user_id , time, value) values (335, 28, 22, '2021-10-15 12:54:26', 1);
insert into book_review_like (id, review_id, user_id , time, value) values (336, 12, 36, '2021-09-26 22:03:47', -1);
insert into book_review_like (id, review_id, user_id , time, value) values (337, 8, 6, '2022-04-13 18:43:47', -1);
insert into book_review_like (id, review_id, user_id , time, value) values (338, 19, 48, '2021-10-20 03:28:15', -1);
insert into book_review_like (id, review_id, user_id , time, value) values (339, 15, 32, '2022-03-01 12:06:34', -1);
insert into book_review_like (id, review_id, user_id , time, value) values (340, 6, 16, '2021-06-12 07:11:49', -1);
insert into book_review_like (id, review_id, user_id , time, value) values (341, 23, 50, '2021-09-14 02:18:02', 1);
insert into book_review_like (id, review_id, user_id , time, value) values (342, 4, 32, '2022-03-10 02:59:29', 1);
insert into book_review_like (id, review_id, user_id , time, value) values (343, 11, 2, '2021-10-06 07:46:40', -1);
insert into book_review_like (id, review_id, user_id , time, value) values (344, 37, 46, '2021-05-09 17:30:15', 1);
insert into book_review_like (id, review_id, user_id , time, value) values (345, 35, 46, '2021-12-10 22:19:44', 1);
insert into book_review_like (id, review_id, user_id , time, value) values (346, 21, 4, '2022-04-04 04:37:19', 1);
insert into book_review_like (id, review_id, user_id , time, value) values (347, 10, 9, '2021-05-18 15:33:02', 1);
insert into book_review_like (id, review_id, user_id , time, value) values (348, 13, 38, '2022-01-21 05:14:36', -1);
insert into book_review_like (id, review_id, user_id , time, value) values (349, 24, 34, '2021-12-17 21:12:01', 1);
insert into book_review_like (id, review_id, user_id , time, value) values (350, 22, 40, '2021-08-12 16:38:24', -1);
insert into book_review_like (id, review_id, user_id , time, value) values (351, 48, 32, '2021-07-14 08:12:05', 1);
insert into book_review_like (id, review_id, user_id , time, value) values (352, 31, 14, '2021-07-09 18:00:22', 1);
insert into book_review_like (id, review_id, user_id , time, value) values (353, 37, 12, '2021-09-01 02:20:07', -1);
insert into book_review_like (id, review_id, user_id , time, value) values (354, 1, 29, '2022-02-14 08:12:34', 1);
insert into book_review_like (id, review_id, user_id , time, value) values (355, 10, 33, '2021-09-09 11:15:57', 1);
insert into book_review_like (id, review_id, user_id , time, value) values (356, 43, 12, '2021-08-22 13:53:12', -1);
insert into book_review_like (id, review_id, user_id , time, value) values (357, 36, 26, '2021-07-26 16:17:41', 1);
insert into book_review_like (id, review_id, user_id , time, value) values (358, 43, 29, '2022-01-02 21:46:12', 1);
insert into book_review_like (id, review_id, user_id , time, value) values (359, 18, 21, '2021-10-06 11:19:52', -1);
insert into book_review_like (id, review_id, user_id , time, value) values (360, 14, 36, '2022-03-29 09:14:24', 1);
insert into book_review_like (id, review_id, user_id , time, value) values (361, 11, 15, '2021-09-16 11:00:04', -1);
insert into book_review_like (id, review_id, user_id , time, value) values (362, 13, 40, '2021-09-01 08:52:33', 1);
insert into book_review_like (id, review_id, user_id , time, value) values (363, 40, 39, '2022-03-25 16:24:14', -1);
insert into book_review_like (id, review_id, user_id , time, value) values (364, 30, 23, '2021-09-05 20:30:14', -1);
insert into book_review_like (id, review_id, user_id , time, value) values (365, 35, 24, '2021-12-12 14:56:36', -1);
insert into book_review_like (id, review_id, user_id , time, value) values (366, 31, 37, '2021-12-26 22:01:30', 1);
insert into book_review_like (id, review_id, user_id , time, value) values (367, 23, 47, '2021-05-15 17:15:47', -1);
insert into book_review_like (id, review_id, user_id , time, value) values (368, 30, 3, '2022-01-04 08:11:38', 1);
insert into book_review_like (id, review_id, user_id , time, value) values (369, 42, 17, '2022-04-02 16:09:27', -1);
insert into book_review_like (id, review_id, user_id , time, value) values (370, 12, 14, '2021-07-01 13:27:25', 1);
insert into book_review_like (id, review_id, user_id , time, value) values (371, 38, 14, '2021-05-19 20:45:13', 1);
insert into book_review_like (id, review_id, user_id , time, value) values (372, 20, 14, '2021-04-18 19:51:59', -1);
insert into book_review_like (id, review_id, user_id , time, value) values (373, 4, 15, '2021-11-10 23:33:26', -1);
insert into book_review_like (id, review_id, user_id , time, value) values (374, 32, 38, '2021-06-09 12:20:13', -1);
insert into book_review_like (id, review_id, user_id , time, value) values (375, 41, 28, '2022-03-03 00:10:13', -1);
insert into book_review_like (id, review_id, user_id , time, value) values (376, 15, 22, '2021-12-10 22:20:10', 1);
insert into book_review_like (id, review_id, user_id , time, value) values (377, 8, 38, '2022-04-16 13:01:56', 1);
insert into book_review_like (id, review_id, user_id , time, value) values (378, 3, 26, '2021-12-18 05:42:11', 1);
insert into book_review_like (id, review_id, user_id , time, value) values (379, 36, 47, '2021-10-05 08:34:10', 1);
insert into book_review_like (id, review_id, user_id , time, value) values (380, 33, 48, '2021-07-19 15:23:56', -1);
insert into book_review_like (id, review_id, user_id , time, value) values (381, 3, 2, '2021-05-17 15:55:24', 1);
insert into book_review_like (id, review_id, user_id , time, value) values (382, 7, 12, '2021-09-28 02:45:53', 1);
insert into book_review_like (id, review_id, user_id , time, value) values (383, 24, 5, '2021-12-27 17:55:59', -1);
insert into book_review_like (id, review_id, user_id , time, value) values (384, 16, 34, '2021-10-15 09:32:14', -1);
insert into book_review_like (id, review_id, user_id , time, value) values (385, 27, 23, '2021-11-12 18:49:31', -1);
insert into book_review_like (id, review_id, user_id , time, value) values (386, 19, 42, '2021-09-02 20:14:33', -1);
insert into book_review_like (id, review_id, user_id , time, value) values (387, 25, 50, '2022-03-17 16:05:56', -1);
insert into book_review_like (id, review_id, user_id , time, value) values (388, 31, 48, '2021-09-24 00:36:17', 1);
insert into book_review_like (id, review_id, user_id , time, value) values (389, 4, 34, '2021-06-25 02:08:36', 1);
insert into book_review_like (id, review_id, user_id , time, value) values (390, 1, 16, '2022-01-14 04:21:12', 1);
insert into book_review_like (id, review_id, user_id , time, value) values (391, 4, 3, '2021-10-14 16:13:56', 1);
insert into book_review_like (id, review_id, user_id , time, value) values (392, 40, 6, '2021-06-14 10:19:46', 1);
insert into book_review_like (id, review_id, user_id , time, value) values (393, 43, 3, '2021-08-03 19:36:40', -1);
insert into book_review_like (id, review_id, user_id , time, value) values (394, 49, 40, '2022-01-11 11:35:56', -1);
insert into book_review_like (id, review_id, user_id , time, value) values (395, 39, 39, '2021-07-11 00:55:35', -1);
insert into book_review_like (id, review_id, user_id , time, value) values (396, 46, 45, '2021-09-24 02:12:19', 1);
insert into book_review_like (id, review_id, user_id , time, value) values (397, 32, 2, '2022-04-08 16:27:08', -1);
insert into book_review_like (id, review_id, user_id , time, value) values (398, 31, 11, '2021-10-04 07:23:34', -1);
insert into book_review_like (id, review_id, user_id , time, value) values (399, 22, 24, '2022-03-12 19:54:03', -1);
insert into book_review_like (id, review_id, user_id , time, value) values (400, 26, 33, '2022-04-16 04:39:39', 1);
insert into book_review_like (id, review_id, user_id , time, value) values (401, 26, 43, '2021-08-07 20:39:33', -1);
insert into book_review_like (id, review_id, user_id , time, value) values (402, 27, 27, '2021-05-20 13:44:05', 1);
insert into book_review_like (id, review_id, user_id , time, value) values (403, 4, 39, '2021-10-07 03:11:17', -1);
insert into book_review_like (id, review_id, user_id , time, value) values (404, 27, 47, '2021-11-02 06:32:50', 1);
insert into book_review_like (id, review_id, user_id , time, value) values (405, 35, 23, '2021-08-12 02:19:53', 1);
insert into book_review_like (id, review_id, user_id , time, value) values (406, 43, 2, '2021-11-23 03:32:12', 1);
insert into book_review_like (id, review_id, user_id , time, value) values (407, 26, 17, '2021-06-23 05:38:44', 1);
insert into book_review_like (id, review_id, user_id , time, value) values (408, 36, 41, '2021-10-21 16:04:51', -1);
insert into book_review_like (id, review_id, user_id , time, value) values (409, 10, 36, '2021-07-27 11:11:02', -1);
insert into book_review_like (id, review_id, user_id , time, value) values (410, 7, 13, '2021-06-04 01:03:21', -1);
insert into book_review_like (id, review_id, user_id , time, value) values (411, 30, 36, '2021-10-25 05:58:14', -1);
insert into book_review_like (id, review_id, user_id , time, value) values (412, 40, 26, '2021-07-18 23:19:05', 1);
insert into book_review_like (id, review_id, user_id , time, value) values (413, 39, 27, '2021-11-11 06:49:38', 1);
insert into book_review_like (id, review_id, user_id , time, value) values (414, 47, 6, '2021-05-09 20:14:05', 1);
insert into book_review_like (id, review_id, user_id , time, value) values (415, 49, 47, '2021-11-05 15:15:13', -1);
insert into book_review_like (id, review_id, user_id , time, value) values (416, 31, 41, '2021-08-01 11:52:23', -1);
insert into book_review_like (id, review_id, user_id , time, value) values (417, 3, 12, '2021-09-17 18:17:30', -1);
insert into book_review_like (id, review_id, user_id , time, value) values (418, 47, 29, '2021-11-16 12:20:04', -1);
insert into book_review_like (id, review_id, user_id , time, value) values (419, 2, 43, '2021-10-01 19:08:48', 1);
insert into book_review_like (id, review_id, user_id , time, value) values (420, 25, 35, '2022-01-02 19:10:28', -1);
insert into book_review_like (id, review_id, user_id , time, value) values (421, 29, 41, '2021-10-29 15:38:16', -1);
insert into book_review_like (id, review_id, user_id , time, value) values (422, 3, 15, '2021-12-30 18:18:11', -1);
insert into book_review_like (id, review_id, user_id , time, value) values (423, 27, 45, '2021-12-10 20:46:08', 1);
insert into book_review_like (id, review_id, user_id , time, value) values (424, 36, 28, '2022-02-18 21:17:11', 1);
insert into book_review_like (id, review_id, user_id , time, value) values (425, 16, 6, '2021-06-11 02:17:20', 1);
insert into book_review_like (id, review_id, user_id , time, value) values (426, 46, 47, '2021-11-05 06:55:17', 1);
insert into book_review_like (id, review_id, user_id , time, value) values (427, 36, 9, '2021-07-12 15:29:08', -1);
insert into book_review_like (id, review_id, user_id , time, value) values (428, 3, 28, '2021-08-02 13:34:20', 1);
insert into book_review_like (id, review_id, user_id , time, value) values (429, 11, 9, '2021-05-28 10:16:05', 1);
insert into book_review_like (id, review_id, user_id , time, value) values (430, 28, 20, '2021-09-29 13:37:59', -1);
insert into book_review_like (id, review_id, user_id , time, value) values (431, 23, 19, '2022-01-26 14:09:01', -1);
insert into book_review_like (id, review_id, user_id , time, value) values (432, 13, 29, '2021-05-15 19:55:32', -1);
insert into book_review_like (id, review_id, user_id , time, value) values (433, 44, 44, '2021-06-17 01:15:01', 1);
insert into book_review_like (id, review_id, user_id , time, value) values (434, 27, 38, '2022-02-11 22:27:52', 1);
insert into book_review_like (id, review_id, user_id , time, value) values (435, 13, 45, '2022-01-26 06:44:25', -1);
insert into book_review_like (id, review_id, user_id , time, value) values (436, 11, 5, '2022-02-12 17:43:42', -1);
insert into book_review_like (id, review_id, user_id , time, value) values (437, 8, 37, '2022-04-05 06:25:40', -1);
insert into book_review_like (id, review_id, user_id , time, value) values (438, 18, 45, '2022-04-15 08:49:32', -1);
insert into book_review_like (id, review_id, user_id , time, value) values (439, 36, 42, '2022-01-02 03:52:54', -1);
insert into book_review_like (id, review_id, user_id , time, value) values (440, 36, 8, '2021-07-25 14:43:43', -1);
insert into book_review_like (id, review_id, user_id , time, value) values (441, 7, 46, '2021-06-10 14:58:43', -1);
insert into book_review_like (id, review_id, user_id , time, value) values (442, 34, 7, '2021-09-22 09:52:01', -1);
insert into book_review_like (id, review_id, user_id , time, value) values (443, 44, 37, '2021-09-08 05:21:41', -1);
insert into book_review_like (id, review_id, user_id , time, value) values (444, 50, 35, '2022-02-01 23:34:11', -1);
insert into book_review_like (id, review_id, user_id , time, value) values (445, 36, 38, '2021-05-29 10:46:11', 1);
insert into book_review_like (id, review_id, user_id , time, value) values (446, 6, 24, '2021-08-13 22:44:52', -1);
insert into book_review_like (id, review_id, user_id , time, value) values (447, 27, 49, '2021-12-04 19:11:14', -1);
insert into book_review_like (id, review_id, user_id , time, value) values (448, 38, 48, '2022-03-06 07:46:36', -1);
insert into book_review_like (id, review_id, user_id , time, value) values (449, 24, 4, '2021-04-29 11:52:50', 1);
insert into book_review_like (id, review_id, user_id , time, value) values (450, 44, 17, '2021-06-26 02:00:17', -1);
insert into book_review_like (id, review_id, user_id , time, value) values (451, 42, 34, '2021-08-14 09:47:17', 1);
insert into book_review_like (id, review_id, user_id , time, value) values (452, 31, 6, '2021-12-10 10:01:39', 1);
insert into book_review_like (id, review_id, user_id , time, value) values (453, 27, 31, '2022-04-02 05:12:15', -1);
insert into book_review_like (id, review_id, user_id , time, value) values (454, 5, 50, '2022-03-05 04:41:13', -1);
insert into book_review_like (id, review_id, user_id , time, value) values (455, 42, 24, '2022-01-30 09:01:32', 1);
insert into book_review_like (id, review_id, user_id , time, value) values (456, 27, 27, '2021-07-29 22:00:36', -1);
insert into book_review_like (id, review_id, user_id , time, value) values (457, 16, 16, '2022-02-26 13:29:32', -1);
insert into book_review_like (id, review_id, user_id , time, value) values (458, 22, 34, '2021-10-16 10:14:54', -1);
insert into book_review_like (id, review_id, user_id , time, value) values (459, 43, 43, '2021-12-31 06:04:30', -1);
insert into book_review_like (id, review_id, user_id , time, value) values (460, 14, 42, '2021-12-23 09:24:34', -1);
insert into book_review_like (id, review_id, user_id , time, value) values (461, 32, 16, '2022-03-02 15:32:36', 1);
insert into book_review_like (id, review_id, user_id , time, value) values (462, 17, 1, '2021-08-13 23:58:05', 1);
insert into book_review_like (id, review_id, user_id , time, value) values (463, 7, 2, '2022-03-18 10:11:05', -1);
insert into book_review_like (id, review_id, user_id , time, value) values (464, 9, 28, '2021-04-22 04:13:05', -1);
insert into book_review_like (id, review_id, user_id , time, value) values (465, 33, 26, '2022-04-04 14:10:58', -1);
insert into book_review_like (id, review_id, user_id , time, value) values (466, 34, 7, '2021-08-26 08:57:57', 1);
insert into book_review_like (id, review_id, user_id , time, value) values (467, 50, 2, '2022-03-29 22:41:26', 1);
insert into book_review_like (id, review_id, user_id , time, value) values (468, 41, 30, '2021-11-14 01:08:48', -1);
insert into book_review_like (id, review_id, user_id , time, value) values (469, 36, 32, '2021-06-03 00:03:24', -1);
insert into book_review_like (id, review_id, user_id , time, value) values (470, 22, 32, '2022-02-17 20:32:34', 1);
insert into book_review_like (id, review_id, user_id , time, value) values (471, 40, 46, '2021-07-10 18:41:25', -1);
insert into book_review_like (id, review_id, user_id , time, value) values (472, 24, 36, '2021-06-10 17:08:47', -1);
insert into book_review_like (id, review_id, user_id , time, value) values (473, 25, 8, '2021-11-18 10:03:09', 1);
insert into book_review_like (id, review_id, user_id , time, value) values (474, 32, 17, '2022-02-26 16:05:03', -1);
insert into book_review_like (id, review_id, user_id , time, value) values (475, 43, 39, '2021-04-25 10:56:15', 1);
insert into book_review_like (id, review_id, user_id , time, value) values (476, 37, 4, '2022-03-18 00:23:24', 1);
insert into book_review_like (id, review_id, user_id , time, value) values (477, 31, 19, '2021-09-17 21:41:57', -1);
insert into book_review_like (id, review_id, user_id , time, value) values (478, 37, 28, '2022-04-02 09:26:18', 1);
insert into book_review_like (id, review_id, user_id , time, value) values (479, 15, 33, '2021-05-26 01:01:57', 1);
insert into book_review_like (id, review_id, user_id , time, value) values (480, 37, 23, '2021-11-18 09:47:14', -1);
insert into book_review_like (id, review_id, user_id , time, value) values (481, 14, 47, '2022-03-29 20:31:40', 1);
insert into book_review_like (id, review_id, user_id , time, value) values (482, 26, 18, '2022-01-29 23:02:23', -1);
insert into book_review_like (id, review_id, user_id , time, value) values (483, 10, 34, '2021-05-19 14:44:23', -1);
insert into book_review_like (id, review_id, user_id , time, value) values (484, 1, 39, '2021-09-19 09:51:02', 1);
insert into book_review_like (id, review_id, user_id , time, value) values (485, 41, 1, '2022-01-19 10:34:19', -1);
insert into book_review_like (id, review_id, user_id , time, value) values (486, 3, 16, '2021-05-16 04:15:26', 1);
insert into book_review_like (id, review_id, user_id , time, value) values (487, 6, 45, '2021-10-21 07:08:36', -1);
insert into book_review_like (id, review_id, user_id , time, value) values (488, 19, 13, '2021-06-30 11:14:29', 1);
insert into book_review_like (id, review_id, user_id , time, value) values (489, 50, 44, '2022-01-04 00:24:07', -1);
insert into book_review_like (id, review_id, user_id , time, value) values (490, 23, 45, '2021-09-22 07:21:27', -1);
insert into book_review_like (id, review_id, user_id , time, value) values (491, 13, 1, '2022-02-06 17:05:52', 1);
insert into book_review_like (id, review_id, user_id , time, value) values (492, 41, 8, '2021-07-27 05:05:46', -1);
insert into book_review_like (id, review_id, user_id , time, value) values (493, 4, 26, '2021-11-28 16:09:37', -1);
insert into book_review_like (id, review_id, user_id , time, value) values (494, 2, 18, '2021-10-05 19:13:58', -1);
insert into book_review_like (id, review_id, user_id , time, value) values (495, 4, 25, '2021-08-13 19:11:23', -1);
insert into book_review_like (id, review_id, user_id , time, value) values (496, 41, 31, '2021-08-01 05:41:36', -1);
insert into book_review_like (id, review_id, user_id , time, value) values (497, 48, 17, '2021-07-17 07:45:48', 1);
insert into book_review_like (id, review_id, user_id , time, value) values (498, 34, 2, '2021-07-31 14:15:59', -1);
insert into book_review_like (id, review_id, user_id , time, value) values (499, 44, 6, '2021-10-26 14:37:15', -1);
insert into book_review_like (id, review_id, user_id , time, value) values (500, 48, 13, '2021-05-18 04:22:14', -1);
insert into book_review_like (id, review_id, user_id , time, value) values (501, 24, 22, '2022-04-01 21:57:33', -1);
insert into book_review_like (id, review_id, user_id , time, value) values (502, 20, 41, '2022-03-28 16:38:36', -1);
insert into book_review_like (id, review_id, user_id , time, value) values (503, 50, 33, '2022-04-07 19:27:55', 1);
insert into book_review_like (id, review_id, user_id , time, value) values (504, 36, 18, '2021-07-15 14:56:09', -1);
insert into book_review_like (id, review_id, user_id , time, value) values (505, 15, 49, '2021-09-09 09:38:34', 1);
insert into book_review_like (id, review_id, user_id , time, value) values (506, 18, 3, '2022-03-05 00:33:23', -1);
insert into book_review_like (id, review_id, user_id , time, value) values (507, 4, 13, '2021-11-25 06:40:57', -1);
insert into book_review_like (id, review_id, user_id , time, value) values (508, 38, 41, '2022-01-09 16:14:48', -1);
insert into book_review_like (id, review_id, user_id , time, value) values (509, 29, 42, '2021-07-16 21:52:50', -1);
insert into book_review_like (id, review_id, user_id , time, value) values (510, 17, 36, '2021-09-10 01:55:04', 1);
insert into book_review_like (id, review_id, user_id , time, value) values (511, 49, 22, '2022-01-22 22:31:57', -1);
insert into book_review_like (id, review_id, user_id , time, value) values (512, 43, 45, '2021-04-18 16:13:03', 1);
insert into book_review_like (id, review_id, user_id , time, value) values (513, 27, 24, '2021-08-21 08:47:01', 1);
insert into book_review_like (id, review_id, user_id , time, value) values (514, 49, 36, '2022-02-18 18:29:52', 1);
insert into book_review_like (id, review_id, user_id , time, value) values (515, 41, 26, '2021-11-22 17:30:30', -1);
insert into book_review_like (id, review_id, user_id , time, value) values (516, 10, 23, '2021-08-28 18:27:28', -1);
insert into book_review_like (id, review_id, user_id , time, value) values (517, 49, 19, '2021-09-11 12:08:01', 1);
insert into book_review_like (id, review_id, user_id , time, value) values (518, 36, 28, '2021-05-04 03:54:25', -1);
insert into book_review_like (id, review_id, user_id , time, value) values (519, 34, 12, '2021-12-27 03:27:49', 1);
insert into book_review_like (id, review_id, user_id , time, value) values (520, 5, 31, '2021-06-03 18:44:10', 1);
insert into book_review_like (id, review_id, user_id , time, value) values (521, 8, 29, '2021-09-05 06:49:57', -1);
insert into book_review_like (id, review_id, user_id , time, value) values (522, 17, 29, '2021-08-11 22:02:54', 1);
insert into book_review_like (id, review_id, user_id , time, value) values (523, 10, 17, '2022-03-30 23:17:40', 1);
insert into book_review_like (id, review_id, user_id , time, value) values (524, 34, 30, '2021-07-28 17:06:20', -1);
insert into book_review_like (id, review_id, user_id , time, value) values (525, 14, 3, '2021-11-08 12:31:42', 1);
insert into book_review_like (id, review_id, user_id , time, value) values (526, 36, 47, '2021-05-28 09:43:47', 1);
insert into book_review_like (id, review_id, user_id , time, value) values (527, 44, 28, '2022-02-08 02:52:29', -1);
insert into book_review_like (id, review_id, user_id , time, value) values (528, 5, 16, '2022-03-13 22:43:42', 1);
insert into book_review_like (id, review_id, user_id , time, value) values (529, 43, 2, '2021-04-24 04:29:27', -1);
insert into book_review_like (id, review_id, user_id , time, value) values (530, 30, 30, '2021-12-15 05:55:05', -1);
insert into book_review_like (id, review_id, user_id , time, value) values (531, 47, 2, '2022-02-21 06:54:11', 1);
insert into book_review_like (id, review_id, user_id , time, value) values (532, 42, 36, '2021-09-15 17:00:57', -1);
insert into book_review_like (id, review_id, user_id , time, value) values (533, 44, 47, '2022-03-16 04:04:21', -1);
insert into book_review_like (id, review_id, user_id , time, value) values (534, 31, 48, '2021-07-20 02:07:40', 1);
insert into book_review_like (id, review_id, user_id , time, value) values (535, 43, 37, '2021-08-12 13:30:52', 1);
insert into book_review_like (id, review_id, user_id , time, value) values (536, 6, 36, '2021-10-06 06:36:07', -1);
insert into book_review_like (id, review_id, user_id , time, value) values (537, 17, 11, '2021-09-12 23:52:41', -1);
insert into book_review_like (id, review_id, user_id , time, value) values (538, 50, 19, '2022-03-20 08:25:43', 1);
insert into book_review_like (id, review_id, user_id , time, value) values (539, 18, 3, '2022-03-12 01:00:07', -1);
insert into book_review_like (id, review_id, user_id , time, value) values (540, 47, 47, '2022-02-23 08:02:30', 1);
insert into book_review_like (id, review_id, user_id , time, value) values (541, 38, 27, '2021-11-01 18:07:19', -1);
insert into book_review_like (id, review_id, user_id , time, value) values (542, 27, 12, '2021-07-16 22:39:47', -1);
insert into book_review_like (id, review_id, user_id , time, value) values (543, 13, 45, '2021-12-17 12:23:54', 1);
insert into book_review_like (id, review_id, user_id , time, value) values (544, 27, 42, '2021-08-05 07:26:57', 1);
insert into book_review_like (id, review_id, user_id , time, value) values (545, 25, 27, '2022-01-26 04:41:52', -1);
insert into book_review_like (id, review_id, user_id , time, value) values (546, 9, 5, '2021-12-29 21:59:15', -1);
insert into book_review_like (id, review_id, user_id , time, value) values (547, 49, 33, '2021-09-03 04:37:44', -1);
insert into book_review_like (id, review_id, user_id , time, value) values (548, 18, 1, '2021-11-17 04:42:58', 1);
insert into book_review_like (id, review_id, user_id , time, value) values (549, 3, 12, '2021-04-18 01:55:23', -1);
insert into book_review_like (id, review_id, user_id , time, value) values (550, 19, 29, '2021-04-22 04:42:19', -1);
insert into book_review_like (id, review_id, user_id , time, value) values (551, 35, 38, '2022-02-14 12:18:15', 1);
insert into book_review_like (id, review_id, user_id , time, value) values (552, 38, 12, '2022-04-16 02:48:42', 1);
insert into book_review_like (id, review_id, user_id , time, value) values (553, 48, 44, '2021-12-08 05:04:13', 1);
insert into book_review_like (id, review_id, user_id , time, value) values (554, 2, 40, '2021-07-27 18:58:25', -1);
insert into book_review_like (id, review_id, user_id , time, value) values (555, 1, 16, '2022-03-12 00:30:57', -1);
insert into book_review_like (id, review_id, user_id , time, value) values (556, 18, 14, '2021-07-28 04:08:31', -1);
insert into book_review_like (id, review_id, user_id , time, value) values (557, 37, 35, '2021-05-31 17:26:45', -1);
insert into book_review_like (id, review_id, user_id , time, value) values (558, 28, 49, '2021-10-25 01:33:36', -1);
insert into book_review_like (id, review_id, user_id , time, value) values (559, 22, 22, '2021-12-11 20:20:57', 1);
insert into book_review_like (id, review_id, user_id , time, value) values (560, 47, 13, '2021-07-29 12:06:17', -1);
insert into book_review_like (id, review_id, user_id , time, value) values (561, 21, 29, '2022-03-13 10:39:19', 1);
insert into book_review_like (id, review_id, user_id , time, value) values (562, 30, 36, '2021-10-15 21:22:19', 1);
insert into book_review_like (id, review_id, user_id , time, value) values (563, 7, 17, '2021-05-15 06:54:36', -1);
insert into book_review_like (id, review_id, user_id , time, value) values (564, 18, 26, '2022-01-03 20:05:39', -1);
insert into book_review_like (id, review_id, user_id , time, value) values (565, 13, 21, '2022-01-26 18:33:35', -1);
insert into book_review_like (id, review_id, user_id , time, value) values (566, 41, 18, '2021-09-10 03:28:23', 1);
insert into book_review_like (id, review_id, user_id , time, value) values (567, 47, 24, '2021-07-16 14:18:10', 1);
insert into book_review_like (id, review_id, user_id , time, value) values (568, 43, 37, '2021-07-21 23:13:23', 1);
insert into book_review_like (id, review_id, user_id , time, value) values (569, 32, 16, '2021-08-03 18:20:11', -1);
insert into book_review_like (id, review_id, user_id , time, value) values (570, 50, 13, '2022-01-04 04:50:41', 1);
insert into book_review_like (id, review_id, user_id , time, value) values (571, 43, 50, '2021-12-19 10:10:18', 1);
insert into book_review_like (id, review_id, user_id , time, value) values (572, 33, 17, '2021-09-28 12:17:46', -1);
insert into book_review_like (id, review_id, user_id , time, value) values (573, 45, 17, '2022-03-10 22:29:08', -1);
insert into book_review_like (id, review_id, user_id , time, value) values (574, 22, 15, '2021-05-05 18:46:48', -1);
insert into book_review_like (id, review_id, user_id , time, value) values (575, 7, 49, '2022-01-30 12:34:51', 1);
insert into book_review_like (id, review_id, user_id , time, value) values (576, 43, 14, '2021-09-02 14:08:48', -1);
insert into book_review_like (id, review_id, user_id , time, value) values (577, 13, 35, '2022-01-24 15:43:52', 1);
insert into book_review_like (id, review_id, user_id , time, value) values (578, 5, 47, '2021-04-30 15:43:59', -1);
insert into book_review_like (id, review_id, user_id , time, value) values (579, 10, 14, '2021-12-25 04:52:49', 1);
insert into book_review_like (id, review_id, user_id , time, value) values (580, 42, 27, '2021-11-10 05:55:23', -1);
insert into book_review_like (id, review_id, user_id , time, value) values (581, 6, 31, '2021-05-25 07:42:14', 1);
insert into book_review_like (id, review_id, user_id , time, value) values (582, 31, 34, '2021-10-13 18:57:00', -1);
insert into book_review_like (id, review_id, user_id , time, value) values (583, 16, 44, '2021-06-10 20:38:15', -1);
insert into book_review_like (id, review_id, user_id , time, value) values (584, 45, 37, '2021-06-22 15:56:45', 1);
insert into book_review_like (id, review_id, user_id , time, value) values (585, 24, 47, '2022-02-08 17:54:33', 1);
insert into book_review_like (id, review_id, user_id , time, value) values (586, 48, 26, '2022-03-31 19:07:07', 1);
insert into book_review_like (id, review_id, user_id , time, value) values (587, 40, 13, '2021-11-20 22:07:05', -1);
insert into book_review_like (id, review_id, user_id , time, value) values (588, 9, 26, '2021-08-24 07:19:03', 1);
insert into book_review_like (id, review_id, user_id , time, value) values (589, 18, 6, '2021-12-23 21:05:30', -1);
insert into book_review_like (id, review_id, user_id , time, value) values (590, 32, 13, '2021-11-27 17:32:24', 1);
insert into book_review_like (id, review_id, user_id , time, value) values (591, 44, 33, '2022-01-05 18:05:55', -1);
insert into book_review_like (id, review_id, user_id , time, value) values (592, 35, 38, '2021-10-03 18:34:51', -1);
insert into book_review_like (id, review_id, user_id , time, value) values (593, 48, 15, '2021-10-22 08:51:36', 1);
insert into book_review_like (id, review_id, user_id , time, value) values (594, 9, 26, '2021-10-24 00:42:08', 1);
insert into book_review_like (id, review_id, user_id , time, value) values (595, 31, 8, '2021-08-05 05:35:25', 1);
insert into book_review_like (id, review_id, user_id , time, value) values (596, 26, 4, '2022-02-07 04:25:57', 1);
insert into book_review_like (id, review_id, user_id , time, value) values (597, 35, 48, '2022-01-22 18:39:03', 1);
insert into book_review_like (id, review_id, user_id , time, value) values (598, 42, 1, '2022-03-15 03:24:12', 1);
insert into book_review_like (id, review_id, user_id , time, value) values (599, 50, 13, '2021-12-02 21:20:10', 1);
insert into book_review_like (id, review_id, user_id , time, value) values (600, 31, 42, '2021-07-24 19:46:28', -1);
insert into book_review_like (id, review_id, user_id , time, value) values (601, 49, 30, '2021-05-04 19:32:17', 1);
insert into book_review_like (id, review_id, user_id , time, value) values (602, 34, 29, '2022-02-15 14:22:09', 1);
insert into book_review_like (id, review_id, user_id , time, value) values (603, 2, 14, '2021-05-20 02:51:21', -1);
insert into book_review_like (id, review_id, user_id , time, value) values (604, 17, 12, '2022-01-04 23:21:08', -1);
insert into book_review_like (id, review_id, user_id , time, value) values (605, 14, 1, '2022-03-06 08:55:26', 1);
insert into book_review_like (id, review_id, user_id , time, value) values (606, 6, 35, '2022-04-12 07:33:30', 1);
insert into book_review_like (id, review_id, user_id , time, value) values (607, 16, 22, '2021-06-08 16:38:02', -1);
insert into book_review_like (id, review_id, user_id , time, value) values (608, 7, 22, '2021-09-09 11:56:28', 1);
insert into book_review_like (id, review_id, user_id , time, value) values (609, 13, 19, '2021-10-11 03:39:08', 1);
insert into book_review_like (id, review_id, user_id , time, value) values (610, 13, 10, '2022-03-13 19:09:23', -1);
insert into book_review_like (id, review_id, user_id , time, value) values (611, 10, 15, '2021-12-28 22:14:19', 1);
insert into book_review_like (id, review_id, user_id , time, value) values (612, 27, 2, '2021-06-22 07:27:59', -1);
insert into book_review_like (id, review_id, user_id , time, value) values (613, 38, 39, '2021-05-10 09:00:47', 1);
insert into book_review_like (id, review_id, user_id , time, value) values (614, 10, 21, '2021-05-10 09:35:16', 1);
insert into book_review_like (id, review_id, user_id , time, value) values (615, 3, 16, '2021-08-14 00:34:19', -1);
insert into book_review_like (id, review_id, user_id , time, value) values (616, 7, 27, '2021-09-21 22:19:09', 1);
insert into book_review_like (id, review_id, user_id , time, value) values (617, 1, 10, '2022-04-05 22:43:43', 1);
insert into book_review_like (id, review_id, user_id , time, value) values (618, 20, 38, '2021-08-08 02:55:52', 1);
insert into book_review_like (id, review_id, user_id , time, value) values (619, 24, 19, '2022-02-22 11:45:53', -1);
insert into book_review_like (id, review_id, user_id , time, value) values (620, 8, 39, '2021-06-19 02:05:00', 1);
insert into book_review_like (id, review_id, user_id , time, value) values (621, 46, 14, '2021-10-07 00:21:30', 1);
insert into book_review_like (id, review_id, user_id , time, value) values (622, 9, 21, '2021-09-16 19:53:43', -1);
insert into book_review_like (id, review_id, user_id , time, value) values (623, 22, 10, '2021-11-17 18:10:29', 1);
insert into book_review_like (id, review_id, user_id , time, value) values (624, 7, 38, '2021-07-22 20:51:24', -1);
insert into book_review_like (id, review_id, user_id , time, value) values (625, 33, 5, '2021-05-04 19:49:57', 1);
insert into book_review_like (id, review_id, user_id , time, value) values (626, 45, 24, '2021-12-31 13:10:11', 1);
insert into book_review_like (id, review_id, user_id , time, value) values (627, 47, 29, '2021-09-27 01:30:28', 1);
insert into book_review_like (id, review_id, user_id , time, value) values (628, 46, 21, '2021-09-27 10:24:05', 1);
insert into book_review_like (id, review_id, user_id , time, value) values (629, 23, 31, '2022-04-09 21:25:08', -1);
insert into book_review_like (id, review_id, user_id , time, value) values (630, 48, 19, '2022-02-04 18:09:05', 1);
insert into book_review_like (id, review_id, user_id , time, value) values (631, 26, 3, '2021-10-01 22:40:21', -1);
insert into book_review_like (id, review_id, user_id , time, value) values (632, 21, 45, '2022-02-14 13:46:06', -1);
insert into book_review_like (id, review_id, user_id , time, value) values (633, 18, 42, '2021-10-29 10:54:34', -1);
insert into book_review_like (id, review_id, user_id , time, value) values (634, 10, 19, '2021-10-06 07:01:55', -1);
insert into book_review_like (id, review_id, user_id , time, value) values (635, 29, 50, '2021-07-22 12:24:35', -1);
insert into book_review_like (id, review_id, user_id , time, value) values (636, 7, 23, '2022-01-30 00:07:52', 1);
insert into book_review_like (id, review_id, user_id , time, value) values (637, 50, 9, '2022-04-10 02:11:50', 1);
insert into book_review_like (id, review_id, user_id , time, value) values (638, 47, 15, '2021-11-13 00:09:00', 1);
insert into book_review_like (id, review_id, user_id , time, value) values (639, 31, 28, '2021-04-19 19:58:23', 1);
insert into book_review_like (id, review_id, user_id , time, value) values (640, 24, 8, '2022-03-06 22:02:15', 1);
insert into book_review_like (id, review_id, user_id , time, value) values (641, 49, 43, '2021-08-24 11:38:21', 1);
insert into book_review_like (id, review_id, user_id , time, value) values (642, 36, 16, '2022-01-30 20:22:14', 1);
insert into book_review_like (id, review_id, user_id , time, value) values (643, 20, 11, '2021-09-18 06:39:29', 1);
insert into book_review_like (id, review_id, user_id , time, value) values (644, 7, 18, '2021-07-28 15:58:51', -1);
insert into book_review_like (id, review_id, user_id , time, value) values (645, 37, 34, '2021-09-03 05:47:30', -1);
insert into book_review_like (id, review_id, user_id , time, value) values (646, 28, 33, '2021-05-06 09:13:53', 1);
insert into book_review_like (id, review_id, user_id , time, value) values (647, 45, 41, '2021-11-29 04:45:20', 1);
insert into book_review_like (id, review_id, user_id , time, value) values (648, 12, 45, '2021-09-28 05:35:06', -1);
insert into book_review_like (id, review_id, user_id , time, value) values (649, 50, 25, '2021-08-03 06:14:34', 1);
insert into book_review_like (id, review_id, user_id , time, value) values (650, 18, 26, '2021-09-12 01:29:27', 1);
insert into book_review_like (id, review_id, user_id , time, value) values (651, 30, 20, '2021-05-27 20:46:21', -1);
insert into book_review_like (id, review_id, user_id , time, value) values (652, 23, 24, '2021-06-06 09:40:20', -1);
insert into book_review_like (id, review_id, user_id , time, value) values (653, 18, 32, '2021-07-11 06:23:58', 1);
insert into book_review_like (id, review_id, user_id , time, value) values (654, 43, 28, '2021-05-21 09:12:09', -1);
insert into book_review_like (id, review_id, user_id , time, value) values (655, 22, 7, '2021-04-21 12:23:46', 1);
insert into book_review_like (id, review_id, user_id , time, value) values (656, 3, 11, '2021-06-15 23:04:22', -1);
insert into book_review_like (id, review_id, user_id , time, value) values (657, 11, 37, '2022-03-29 11:51:03', -1);
insert into book_review_like (id, review_id, user_id , time, value) values (658, 33, 47, '2021-09-05 09:31:01', -1);
insert into book_review_like (id, review_id, user_id , time, value) values (659, 41, 37, '2021-04-24 10:38:23', 1);
insert into book_review_like (id, review_id, user_id , time, value) values (660, 45, 33, '2021-05-19 08:06:55', -1);
insert into book_review_like (id, review_id, user_id , time, value) values (661, 44, 2, '2021-12-19 20:50:30', 1);
insert into book_review_like (id, review_id, user_id , time, value) values (662, 12, 25, '2021-05-24 12:46:46', -1);
insert into book_review_like (id, review_id, user_id , time, value) values (663, 36, 11, '2021-11-01 15:24:11', 1);
insert into book_review_like (id, review_id, user_id , time, value) values (664, 19, 18, '2021-05-30 19:28:49', -1);
insert into book_review_like (id, review_id, user_id , time, value) values (665, 37, 48, '2021-10-10 21:30:25', 1);
insert into book_review_like (id, review_id, user_id , time, value) values (666, 7, 3, '2021-11-27 00:53:41', -1);
insert into book_review_like (id, review_id, user_id , time, value) values (667, 22, 41, '2021-12-19 05:37:03', -1);
insert into book_review_like (id, review_id, user_id , time, value) values (668, 19, 36, '2021-09-13 11:09:59', 1);
insert into book_review_like (id, review_id, user_id , time, value) values (669, 9, 50, '2022-02-27 15:34:44', -1);
insert into book_review_like (id, review_id, user_id , time, value) values (670, 22, 38, '2021-12-13 09:54:08', 1);
insert into book_review_like (id, review_id, user_id , time, value) values (671, 19, 12, '2021-04-23 15:44:33', -1);
insert into book_review_like (id, review_id, user_id , time, value) values (672, 37, 18, '2022-03-13 07:07:12', 1);
insert into book_review_like (id, review_id, user_id , time, value) values (673, 36, 42, '2021-08-30 07:13:01', 1);
insert into book_review_like (id, review_id, user_id , time, value) values (674, 5, 24, '2021-12-07 01:31:40', -1);
insert into book_review_like (id, review_id, user_id , time, value) values (675, 34, 26, '2021-07-17 15:55:45', 1);
insert into book_review_like (id, review_id, user_id , time, value) values (676, 45, 20, '2021-08-20 01:58:36', -1);
insert into book_review_like (id, review_id, user_id , time, value) values (677, 21, 1, '2022-03-05 05:48:02', -1);
insert into book_review_like (id, review_id, user_id , time, value) values (678, 47, 5, '2021-09-13 07:32:38', -1);
insert into book_review_like (id, review_id, user_id , time, value) values (679, 22, 17, '2021-07-07 02:15:01', 1);
insert into book_review_like (id, review_id, user_id , time, value) values (680, 42, 42, '2021-05-24 18:11:07', 1);
insert into book_review_like (id, review_id, user_id , time, value) values (681, 3, 25, '2021-05-08 07:32:58', -1);
insert into book_review_like (id, review_id, user_id , time, value) values (682, 6, 12, '2021-09-26 18:03:54', -1);
insert into book_review_like (id, review_id, user_id , time, value) values (683, 44, 27, '2022-02-05 19:03:09', -1);
insert into book_review_like (id, review_id, user_id , time, value) values (684, 49, 11, '2021-07-16 01:42:54', 1);
insert into book_review_like (id, review_id, user_id , time, value) values (685, 24, 25, '2021-08-23 01:51:48', 1);
insert into book_review_like (id, review_id, user_id , time, value) values (686, 38, 2, '2021-10-24 20:03:16', 1);
insert into book_review_like (id, review_id, user_id , time, value) values (687, 21, 2, '2022-04-14 14:08:55', -1);
insert into book_review_like (id, review_id, user_id , time, value) values (688, 30, 11, '2021-08-13 11:22:39', -1);
insert into book_review_like (id, review_id, user_id , time, value) values (689, 37, 12, '2022-01-28 10:06:39', -1);
insert into book_review_like (id, review_id, user_id , time, value) values (690, 1, 1, '2021-10-23 00:38:30', 1);
insert into book_review_like (id, review_id, user_id , time, value) values (691, 23, 2, '2022-01-24 11:34:44', 1);
insert into book_review_like (id, review_id, user_id , time, value) values (692, 50, 29, '2021-12-18 23:10:25', -1);
insert into book_review_like (id, review_id, user_id , time, value) values (693, 32, 23, '2021-06-11 13:26:39', 1);
insert into book_review_like (id, review_id, user_id , time, value) values (694, 27, 34, '2021-12-05 21:10:26', -1);
insert into book_review_like (id, review_id, user_id , time, value) values (695, 50, 5, '2022-01-20 11:38:51', -1);
insert into book_review_like (id, review_id, user_id , time, value) values (696, 8, 19, '2021-07-12 05:34:25', 1);
insert into book_review_like (id, review_id, user_id , time, value) values (697, 23, 7, '2022-03-24 03:13:58', 1);
insert into book_review_like (id, review_id, user_id , time, value) values (698, 4, 48, '2022-03-04 16:05:47', 1);
insert into book_review_like (id, review_id, user_id , time, value) values (699, 41, 24, '2021-09-01 11:47:41', -1);
insert into book_review_like (id, review_id, user_id , time, value) values (700, 22, 16, '2021-09-11 18:29:51', -1);
insert into book_review_like (id, review_id, user_id , time, value) values (701, 21, 25, '2021-12-25 13:08:26', -1);
insert into book_review_like (id, review_id, user_id , time, value) values (702, 17, 23, '2022-03-03 02:39:27', 1);
insert into book_review_like (id, review_id, user_id , time, value) values (703, 45, 32, '2022-02-01 00:06:29', -1);
insert into book_review_like (id, review_id, user_id , time, value) values (704, 46, 8, '2022-02-28 19:50:38', 1);
insert into book_review_like (id, review_id, user_id , time, value) values (705, 45, 11, '2021-05-28 00:05:34', 1);
insert into book_review_like (id, review_id, user_id , time, value) values (706, 44, 30, '2021-09-24 20:56:28', -1);
insert into book_review_like (id, review_id, user_id , time, value) values (707, 32, 25, '2021-06-09 11:45:10', -1);
insert into book_review_like (id, review_id, user_id , time, value) values (708, 28, 37, '2021-09-02 06:34:40', 1);
insert into book_review_like (id, review_id, user_id , time, value) values (709, 31, 8, '2022-02-21 09:27:10', -1);
insert into book_review_like (id, review_id, user_id , time, value) values (710, 11, 27, '2022-01-12 23:40:35', -1);
insert into book_review_like (id, review_id, user_id , time, value) values (711, 48, 45, '2021-12-23 20:34:24', 1);
insert into book_review_like (id, review_id, user_id , time, value) values (712, 41, 38, '2022-01-09 16:50:18', 1);
insert into book_review_like (id, review_id, user_id , time, value) values (713, 8, 13, '2021-06-10 01:46:02', -1);
insert into book_review_like (id, review_id, user_id , time, value) values (714, 8, 2, '2022-01-24 20:27:33', -1);
insert into book_review_like (id, review_id, user_id , time, value) values (715, 37, 32, '2021-06-02 18:17:09', 1);
insert into book_review_like (id, review_id, user_id , time, value) values (716, 18, 5, '2021-05-05 06:56:29', 1);
insert into book_review_like (id, review_id, user_id , time, value) values (717, 4, 24, '2021-08-05 17:57:53', -1);
insert into book_review_like (id, review_id, user_id , time, value) values (718, 41, 3, '2021-04-27 05:09:11', 1);
insert into book_review_like (id, review_id, user_id , time, value) values (719, 16, 37, '2022-01-07 01:31:57', -1);
insert into book_review_like (id, review_id, user_id , time, value) values (720, 4, 17, '2021-09-28 00:04:54', 1);
insert into book_review_like (id, review_id, user_id , time, value) values (721, 19, 31, '2021-08-21 09:56:59', -1);
insert into book_review_like (id, review_id, user_id , time, value) values (722, 5, 9, '2021-12-28 00:07:05', -1);
insert into book_review_like (id, review_id, user_id , time, value) values (723, 23, 21, '2021-08-06 09:27:02', -1);
insert into book_review_like (id, review_id, user_id , time, value) values (724, 38, 37, '2021-11-02 11:21:33', -1);
insert into book_review_like (id, review_id, user_id , time, value) values (725, 46, 41, '2021-10-19 03:38:56', 1);
insert into book_review_like (id, review_id, user_id , time, value) values (726, 13, 36, '2022-03-10 02:16:26', 1);
insert into book_review_like (id, review_id, user_id , time, value) values (727, 29, 21, '2021-07-08 23:47:15', -1);
insert into book_review_like (id, review_id, user_id , time, value) values (728, 50, 43, '2021-09-22 11:18:39', -1);
insert into book_review_like (id, review_id, user_id , time, value) values (729, 10, 31, '2021-06-13 23:12:20', -1);
insert into book_review_like (id, review_id, user_id , time, value) values (730, 31, 2, '2021-08-10 04:13:16', -1);
insert into book_review_like (id, review_id, user_id , time, value) values (731, 19, 32, '2021-07-21 11:24:50', 1);
insert into book_review_like (id, review_id, user_id , time, value) values (732, 15, 20, '2021-05-22 01:25:46', 1);
insert into book_review_like (id, review_id, user_id , time, value) values (733, 9, 18, '2021-09-22 11:49:12', 1);
insert into book_review_like (id, review_id, user_id , time, value) values (734, 49, 17, '2021-05-18 17:49:01', 1);
insert into book_review_like (id, review_id, user_id , time, value) values (735, 31, 47, '2021-08-02 14:07:51', -1);
insert into book_review_like (id, review_id, user_id , time, value) values (736, 20, 33, '2021-08-09 10:20:47', 1);
insert into book_review_like (id, review_id, user_id , time, value) values (737, 46, 50, '2022-04-03 01:56:06', -1);
insert into book_review_like (id, review_id, user_id , time, value) values (738, 49, 15, '2022-02-22 00:50:01', 1);
insert into book_review_like (id, review_id, user_id , time, value) values (739, 32, 11, '2022-04-15 12:46:38', -1);
insert into book_review_like (id, review_id, user_id , time, value) values (740, 27, 14, '2021-06-15 23:39:19', -1);
insert into book_review_like (id, review_id, user_id , time, value) values (741, 8, 37, '2021-05-04 20:31:44', 1);
insert into book_review_like (id, review_id, user_id , time, value) values (742, 16, 35, '2021-09-06 18:45:19', 1);
insert into book_review_like (id, review_id, user_id , time, value) values (743, 27, 46, '2022-02-23 18:31:32', -1);
insert into book_review_like (id, review_id, user_id , time, value) values (744, 40, 28, '2021-11-01 02:42:26', -1);
insert into book_review_like (id, review_id, user_id , time, value) values (745, 33, 24, '2022-01-27 13:06:30', 1);
insert into book_review_like (id, review_id, user_id , time, value) values (746, 10, 43, '2021-05-06 01:08:10', 1);
insert into book_review_like (id, review_id, user_id , time, value) values (747, 13, 41, '2021-12-29 02:16:02', 1);
insert into book_review_like (id, review_id, user_id , time, value) values (748, 7, 29, '2021-09-07 21:32:00', 1);
insert into book_review_like (id, review_id, user_id , time, value) values (749, 42, 24, '2021-06-29 04:51:56', 1);
insert into book_review_like (id, review_id, user_id , time, value) values (750, 27, 43, '2021-06-19 00:02:32', 1);
insert into book_review_like (id, review_id, user_id , time, value) values (751, 6, 44, '2022-03-17 10:33:10', -1);
insert into book_review_like (id, review_id, user_id , time, value) values (752, 8, 44, '2021-06-01 09:17:53', 1);
insert into book_review_like (id, review_id, user_id , time, value) values (753, 14, 10, '2021-11-04 21:42:45', -1);
insert into book_review_like (id, review_id, user_id , time, value) values (754, 24, 32, '2021-09-25 19:11:17', -1);
insert into book_review_like (id, review_id, user_id , time, value) values (755, 32, 15, '2021-05-16 21:26:44', -1);
insert into book_review_like (id, review_id, user_id , time, value) values (756, 50, 29, '2021-08-20 10:06:30', 1);
insert into book_review_like (id, review_id, user_id , time, value) values (757, 43, 9, '2021-10-12 21:38:41', -1);
insert into book_review_like (id, review_id, user_id , time, value) values (758, 45, 23, '2021-08-09 03:11:06', -1);
insert into book_review_like (id, review_id, user_id , time, value) values (759, 31, 3, '2022-01-31 08:55:29', 1);
insert into book_review_like (id, review_id, user_id , time, value) values (760, 11, 32, '2022-03-20 16:55:03', 1);
insert into book_review_like (id, review_id, user_id , time, value) values (761, 16, 23, '2021-05-28 01:35:58', -1);
insert into book_review_like (id, review_id, user_id , time, value) values (762, 36, 35, '2021-10-22 06:38:41', -1);
insert into book_review_like (id, review_id, user_id , time, value) values (763, 13, 21, '2021-07-23 00:34:10', 1);
insert into book_review_like (id, review_id, user_id , time, value) values (764, 13, 39, '2022-03-23 07:13:30', 1);
insert into book_review_like (id, review_id, user_id , time, value) values (765, 47, 28, '2021-07-02 05:17:29', -1);
insert into book_review_like (id, review_id, user_id , time, value) values (766, 43, 48, '2022-01-24 04:48:09', 1);
insert into book_review_like (id, review_id, user_id , time, value) values (767, 49, 17, '2022-03-30 06:39:11', -1);
insert into book_review_like (id, review_id, user_id , time, value) values (768, 25, 6, '2021-12-23 07:32:26', 1);
insert into book_review_like (id, review_id, user_id , time, value) values (769, 32, 31, '2021-08-25 09:09:56', -1);
insert into book_review_like (id, review_id, user_id , time, value) values (770, 8, 11, '2022-01-30 06:24:15', -1);
insert into book_review_like (id, review_id, user_id , time, value) values (771, 32, 6, '2021-09-26 16:43:50', -1);
insert into book_review_like (id, review_id, user_id , time, value) values (772, 35, 2, '2021-06-02 09:59:58', 1);
insert into book_review_like (id, review_id, user_id , time, value) values (773, 11, 46, '2021-06-20 19:39:50', 1);
insert into book_review_like (id, review_id, user_id , time, value) values (774, 27, 38, '2021-05-29 04:54:43', 1);
insert into book_review_like (id, review_id, user_id , time, value) values (775, 34, 42, '2021-05-28 22:38:56', 1);
insert into book_review_like (id, review_id, user_id , time, value) values (776, 33, 20, '2022-02-17 10:22:29', -1);
insert into book_review_like (id, review_id, user_id , time, value) values (777, 32, 10, '2021-09-25 20:59:05', 1);
insert into book_review_like (id, review_id, user_id , time, value) values (778, 46, 28, '2021-11-14 00:20:33', 1);
insert into book_review_like (id, review_id, user_id , time, value) values (779, 48, 28, '2022-01-25 02:07:24', -1);
insert into book_review_like (id, review_id, user_id , time, value) values (780, 41, 21, '2021-11-27 10:13:50', 1);
insert into book_review_like (id, review_id, user_id , time, value) values (781, 29, 19, '2021-06-03 17:37:44', 1);
insert into book_review_like (id, review_id, user_id , time, value) values (782, 36, 6, '2022-02-18 20:17:48', -1);
insert into book_review_like (id, review_id, user_id , time, value) values (783, 41, 9, '2022-02-28 23:02:17', 1);
insert into book_review_like (id, review_id, user_id , time, value) values (784, 41, 48, '2021-10-21 23:20:59', 1);
insert into book_review_like (id, review_id, user_id , time, value) values (785, 37, 3, '2021-11-24 13:46:12', -1);
insert into book_review_like (id, review_id, user_id , time, value) values (786, 32, 35, '2021-08-18 12:46:32', -1);
insert into book_review_like (id, review_id, user_id , time, value) values (787, 8, 6, '2022-03-20 05:37:17', 1);
insert into book_review_like (id, review_id, user_id , time, value) values (788, 14, 30, '2021-05-19 21:40:39', 1);
insert into book_review_like (id, review_id, user_id , time, value) values (789, 21, 30, '2021-06-18 10:20:21', 1);
insert into book_review_like (id, review_id, user_id , time, value) values (790, 7, 4, '2021-10-14 18:27:26', -1);
insert into book_review_like (id, review_id, user_id , time, value) values (791, 42, 11, '2021-06-14 20:05:37', -1);
insert into book_review_like (id, review_id, user_id , time, value) values (792, 11, 14, '2021-07-09 13:04:33', -1);
insert into book_review_like (id, review_id, user_id , time, value) values (793, 41, 4, '2021-08-03 09:21:11', -1);
insert into book_review_like (id, review_id, user_id , time, value) values (794, 30, 32, '2021-06-29 00:37:20', 1);
insert into book_review_like (id, review_id, user_id , time, value) values (795, 25, 10, '2021-08-21 08:39:51', 1);
insert into book_review_like (id, review_id, user_id , time, value) values (796, 42, 43, '2022-04-04 06:56:23', -1);
insert into book_review_like (id, review_id, user_id , time, value) values (797, 46, 24, '2022-01-01 17:27:36', -1);
insert into book_review_like (id, review_id, user_id , time, value) values (798, 45, 38, '2021-12-09 19:22:48', 1);
insert into book_review_like (id, review_id, user_id , time, value) values (799, 2, 15, '2022-02-24 10:36:55', 1);
insert into book_review_like (id, review_id, user_id , time, value) values (800, 23, 40, '2022-03-27 01:13:52', 1);
insert into book_review_like (id, review_id, user_id , time, value) values (801, 21, 46, '2022-01-17 20:30:49', 1);
insert into book_review_like (id, review_id, user_id , time, value) values (802, 46, 4, '2022-03-28 08:46:16', 1);
insert into book_review_like (id, review_id, user_id , time, value) values (803, 49, 46, '2021-07-13 15:55:33', -1);
insert into book_review_like (id, review_id, user_id , time, value) values (804, 30, 29, '2021-11-01 06:39:04', 1);
insert into book_review_like (id, review_id, user_id , time, value) values (805, 12, 6, '2021-07-24 06:36:14', 1);
insert into book_review_like (id, review_id, user_id , time, value) values (806, 48, 35, '2022-01-25 06:51:29', -1);
insert into book_review_like (id, review_id, user_id , time, value) values (807, 17, 4, '2022-01-22 10:47:27', 1);
insert into book_review_like (id, review_id, user_id , time, value) values (808, 34, 35, '2021-05-19 11:52:45', -1);
insert into book_review_like (id, review_id, user_id , time, value) values (809, 50, 30, '2021-05-27 22:10:39', -1);
insert into book_review_like (id, review_id, user_id , time, value) values (810, 26, 25, '2021-09-05 16:04:13', -1);
insert into book_review_like (id, review_id, user_id , time, value) values (811, 42, 40, '2021-05-21 12:44:14', 1);
insert into book_review_like (id, review_id, user_id , time, value) values (812, 18, 6, '2022-03-07 13:24:35', 1);
insert into book_review_like (id, review_id, user_id , time, value) values (813, 22, 25, '2021-04-18 12:33:40', -1);
insert into book_review_like (id, review_id, user_id , time, value) values (814, 44, 9, '2022-01-08 10:16:20', 1);
insert into book_review_like (id, review_id, user_id , time, value) values (815, 16, 49, '2022-01-12 08:03:41', 1);
insert into book_review_like (id, review_id, user_id , time, value) values (816, 15, 9, '2022-02-28 03:03:15', -1);
insert into book_review_like (id, review_id, user_id , time, value) values (817, 43, 31, '2022-02-27 10:07:56', 1);
insert into book_review_like (id, review_id, user_id , time, value) values (818, 12, 36, '2021-06-27 01:06:16', 1);
insert into book_review_like (id, review_id, user_id , time, value) values (819, 40, 2, '2021-07-21 00:46:13', -1);
insert into book_review_like (id, review_id, user_id , time, value) values (820, 27, 13, '2022-03-18 13:08:53', -1);
insert into book_review_like (id, review_id, user_id , time, value) values (821, 34, 10, '2021-11-18 04:19:53', 1);
insert into book_review_like (id, review_id, user_id , time, value) values (822, 6, 37, '2022-01-25 17:10:02', -1);
insert into book_review_like (id, review_id, user_id , time, value) values (823, 15, 38, '2021-04-20 02:03:04', 1);
insert into book_review_like (id, review_id, user_id , time, value) values (824, 47, 12, '2021-07-13 11:51:19', -1);
insert into book_review_like (id, review_id, user_id , time, value) values (825, 49, 30, '2022-02-28 14:14:38', 1);
insert into book_review_like (id, review_id, user_id , time, value) values (826, 48, 26, '2022-03-15 23:27:42', -1);
insert into book_review_like (id, review_id, user_id , time, value) values (827, 40, 15, '2021-08-14 23:00:20', 1);
insert into book_review_like (id, review_id, user_id , time, value) values (828, 6, 17, '2021-07-04 03:19:14', 1);
insert into book_review_like (id, review_id, user_id , time, value) values (829, 36, 4, '2021-10-16 11:13:19', -1);
insert into book_review_like (id, review_id, user_id , time, value) values (830, 41, 27, '2021-06-09 12:44:04', -1);
insert into book_review_like (id, review_id, user_id , time, value) values (831, 6, 43, '2022-03-13 01:50:05', 1);
insert into book_review_like (id, review_id, user_id , time, value) values (832, 28, 29, '2022-02-05 01:59:53', -1);
insert into book_review_like (id, review_id, user_id , time, value) values (833, 43, 1, '2021-07-14 21:10:45', -1);
insert into book_review_like (id, review_id, user_id , time, value) values (834, 40, 23, '2022-01-15 11:00:13', -1);
insert into book_review_like (id, review_id, user_id , time, value) values (835, 23, 49, '2021-08-16 22:56:55', -1);
insert into book_review_like (id, review_id, user_id , time, value) values (836, 50, 46, '2021-12-16 02:42:19', 1);
insert into book_review_like (id, review_id, user_id , time, value) values (837, 37, 21, '2022-04-16 01:17:15', -1);
insert into book_review_like (id, review_id, user_id , time, value) values (838, 31, 36, '2022-01-02 05:43:00', -1);
insert into book_review_like (id, review_id, user_id , time, value) values (839, 42, 31, '2021-05-11 22:57:10', -1);
insert into book_review_like (id, review_id, user_id , time, value) values (840, 36, 49, '2022-01-12 06:53:45', -1);
insert into book_review_like (id, review_id, user_id , time, value) values (841, 43, 50, '2021-06-10 18:29:58', -1);
insert into book_review_like (id, review_id, user_id , time, value) values (842, 37, 20, '2021-08-09 00:27:01', -1);
insert into book_review_like (id, review_id, user_id , time, value) values (843, 11, 43, '2021-04-25 09:50:17', 1);
insert into book_review_like (id, review_id, user_id , time, value) values (844, 47, 4, '2022-02-17 03:35:02', -1);
insert into book_review_like (id, review_id, user_id , time, value) values (845, 50, 43, '2022-04-01 20:01:05', -1);
insert into book_review_like (id, review_id, user_id , time, value) values (846, 6, 43, '2022-02-07 20:04:26', 1);
insert into book_review_like (id, review_id, user_id , time, value) values (847, 27, 28, '2021-11-04 00:42:05', 1);
insert into book_review_like (id, review_id, user_id , time, value) values (848, 15, 9, '2021-11-24 17:35:58', 1);
insert into book_review_like (id, review_id, user_id , time, value) values (849, 7, 7, '2021-05-30 10:10:19', -1);
insert into book_review_like (id, review_id, user_id , time, value) values (850, 10, 38, '2021-05-29 12:13:05', 1);
insert into book_review_like (id, review_id, user_id , time, value) values (851, 25, 16, '2021-11-09 18:30:10', 1);
insert into book_review_like (id, review_id, user_id , time, value) values (852, 7, 13, '2021-08-09 03:53:55', 1);
insert into book_review_like (id, review_id, user_id , time, value) values (853, 47, 5, '2022-04-07 11:58:10', 1);
insert into book_review_like (id, review_id, user_id , time, value) values (854, 36, 12, '2021-11-10 22:32:54', 1);
insert into book_review_like (id, review_id, user_id , time, value) values (855, 13, 50, '2022-03-28 10:10:59', 1);
insert into book_review_like (id, review_id, user_id , time, value) values (856, 35, 22, '2021-12-27 06:22:27', -1);
insert into book_review_like (id, review_id, user_id , time, value) values (857, 18, 6, '2021-09-21 11:26:51', -1);
insert into book_review_like (id, review_id, user_id , time, value) values (858, 7, 39, '2021-07-01 01:06:19', -1);
insert into book_review_like (id, review_id, user_id , time, value) values (859, 26, 37, '2021-06-18 06:48:23', -1);
insert into book_review_like (id, review_id, user_id , time, value) values (860, 27, 23, '2021-09-29 17:28:17', -1);
insert into book_review_like (id, review_id, user_id , time, value) values (861, 17, 40, '2022-01-08 21:48:09', 1);
insert into book_review_like (id, review_id, user_id , time, value) values (862, 21, 24, '2021-08-12 21:35:33', -1);
insert into book_review_like (id, review_id, user_id , time, value) values (863, 6, 50, '2021-08-03 09:39:24', 1);
insert into book_review_like (id, review_id, user_id , time, value) values (864, 17, 48, '2021-12-30 01:44:43', 1);
insert into book_review_like (id, review_id, user_id , time, value) values (865, 29, 16, '2021-06-29 23:28:09', -1);
insert into book_review_like (id, review_id, user_id , time, value) values (866, 28, 35, '2021-12-30 15:33:22', 1);
insert into book_review_like (id, review_id, user_id , time, value) values (867, 33, 39, '2021-08-02 06:16:41', 1);
insert into book_review_like (id, review_id, user_id , time, value) values (868, 44, 5, '2021-11-10 15:15:59', 1);
insert into book_review_like (id, review_id, user_id , time, value) values (869, 17, 26, '2021-05-15 02:50:14', 1);
insert into book_review_like (id, review_id, user_id , time, value) values (870, 15, 42, '2021-12-27 01:19:51', -1);
insert into book_review_like (id, review_id, user_id , time, value) values (871, 10, 28, '2022-02-16 16:30:39', -1);
insert into book_review_like (id, review_id, user_id , time, value) values (872, 39, 23, '2022-02-26 03:16:27', 1);
insert into book_review_like (id, review_id, user_id , time, value) values (873, 6, 8, '2022-02-19 17:05:29', 1);
insert into book_review_like (id, review_id, user_id , time, value) values (874, 42, 40, '2022-01-26 06:50:58', -1);
insert into book_review_like (id, review_id, user_id , time, value) values (875, 36, 29, '2021-12-11 18:46:50', 1);
insert into book_review_like (id, review_id, user_id , time, value) values (876, 15, 17, '2021-09-21 18:57:12', -1);
insert into book_review_like (id, review_id, user_id , time, value) values (877, 27, 47, '2021-06-23 01:59:03', 1);
insert into book_review_like (id, review_id, user_id , time, value) values (878, 32, 5, '2021-04-25 02:01:14', 1);
insert into book_review_like (id, review_id, user_id , time, value) values (879, 49, 40, '2022-03-11 17:32:38', -1);
insert into book_review_like (id, review_id, user_id , time, value) values (880, 40, 7, '2021-08-24 17:04:11', 1);
insert into book_review_like (id, review_id, user_id , time, value) values (881, 12, 36, '2021-08-04 05:40:49', 1);
insert into book_review_like (id, review_id, user_id , time, value) values (882, 40, 40, '2022-03-04 18:28:57', 1);
insert into book_review_like (id, review_id, user_id , time, value) values (883, 30, 43, '2021-10-31 22:03:07', -1);
insert into book_review_like (id, review_id, user_id , time, value) values (884, 19, 22, '2022-03-05 14:24:49', 1);
insert into book_review_like (id, review_id, user_id , time, value) values (885, 11, 27, '2022-01-11 12:46:41', 1);
insert into book_review_like (id, review_id, user_id , time, value) values (886, 29, 25, '2021-09-26 22:54:06', -1);
insert into book_review_like (id, review_id, user_id , time, value) values (887, 42, 33, '2021-11-30 07:49:08', -1);
insert into book_review_like (id, review_id, user_id , time, value) values (888, 4, 46, '2021-09-21 09:29:01', 1);
insert into book_review_like (id, review_id, user_id , time, value) values (889, 37, 49, '2021-08-18 12:07:26', -1);
insert into book_review_like (id, review_id, user_id , time, value) values (890, 36, 23, '2021-06-16 10:47:11', -1);
insert into book_review_like (id, review_id, user_id , time, value) values (891, 48, 33, '2021-12-28 06:39:09', -1);
insert into book_review_like (id, review_id, user_id , time, value) values (892, 23, 3, '2021-09-07 21:59:48', -1);
insert into book_review_like (id, review_id, user_id , time, value) values (893, 6, 38, '2021-07-26 08:42:19', -1);
insert into book_review_like (id, review_id, user_id , time, value) values (894, 46, 17, '2022-03-18 05:33:23', 1);
insert into book_review_like (id, review_id, user_id , time, value) values (895, 48, 4, '2021-12-04 14:23:48', -1);
insert into book_review_like (id, review_id, user_id , time, value) values (896, 24, 2, '2021-04-21 10:56:55', 1);
insert into book_review_like (id, review_id, user_id , time, value) values (897, 20, 14, '2022-03-12 08:09:06', -1);
insert into book_review_like (id, review_id, user_id , time, value) values (898, 17, 10, '2022-02-02 19:28:24', -1);
insert into book_review_like (id, review_id, user_id , time, value) values (899, 49, 14, '2022-04-09 17:58:02', -1);
insert into book_review_like (id, review_id, user_id , time, value) values (900, 32, 45, '2021-12-02 11:18:39', 1);
insert into book_review_like (id, review_id, user_id , time, value) values (901, 38, 27, '2021-07-18 03:40:14', 1);
insert into book_review_like (id, review_id, user_id , time, value) values (902, 15, 37, '2021-12-23 13:18:36', -1);
insert into book_review_like (id, review_id, user_id , time, value) values (903, 44, 25, '2021-05-20 09:32:52', 1);
insert into book_review_like (id, review_id, user_id , time, value) values (904, 17, 50, '2021-07-30 19:55:44', 1);
insert into book_review_like (id, review_id, user_id , time, value) values (905, 47, 44, '2021-06-01 00:50:00', -1);
insert into book_review_like (id, review_id, user_id , time, value) values (906, 3, 2, '2022-01-02 14:05:17', 1);
insert into book_review_like (id, review_id, user_id , time, value) values (907, 4, 23, '2021-10-23 08:38:51', -1);
insert into book_review_like (id, review_id, user_id , time, value) values (908, 21, 34, '2021-08-14 19:27:27', -1);
insert into book_review_like (id, review_id, user_id , time, value) values (909, 4, 48, '2021-08-14 03:36:35', -1);
insert into book_review_like (id, review_id, user_id , time, value) values (910, 32, 23, '2021-08-15 13:36:41', 1);
insert into book_review_like (id, review_id, user_id , time, value) values (911, 9, 37, '2022-03-25 23:47:11', 1);
insert into book_review_like (id, review_id, user_id , time, value) values (912, 32, 13, '2022-04-12 22:31:55', 1);
insert into book_review_like (id, review_id, user_id , time, value) values (913, 21, 41, '2021-06-02 04:29:51', 1);
insert into book_review_like (id, review_id, user_id , time, value) values (914, 8, 44, '2022-03-07 18:04:02', 1);
insert into book_review_like (id, review_id, user_id , time, value) values (915, 19, 6, '2022-04-07 21:01:57', 1);
insert into book_review_like (id, review_id, user_id , time, value) values (916, 42, 40, '2021-12-10 17:03:00', -1);
insert into book_review_like (id, review_id, user_id , time, value) values (917, 13, 32, '2021-09-04 14:40:35', -1);
insert into book_review_like (id, review_id, user_id , time, value) values (918, 27, 36, '2021-12-05 00:08:39', 1);
insert into book_review_like (id, review_id, user_id , time, value) values (919, 41, 24, '2021-11-26 23:26:39', 1);
insert into book_review_like (id, review_id, user_id , time, value) values (920, 17, 24, '2021-08-26 15:39:05', 1);
insert into book_review_like (id, review_id, user_id , time, value) values (921, 31, 21, '2021-05-20 04:30:29', 1);
insert into book_review_like (id, review_id, user_id , time, value) values (922, 4, 24, '2021-12-20 09:33:34', -1);
insert into book_review_like (id, review_id, user_id , time, value) values (923, 38, 39, '2022-03-26 14:52:50', -1);
insert into book_review_like (id, review_id, user_id , time, value) values (924, 1, 24, '2022-03-09 12:03:17', -1);
insert into book_review_like (id, review_id, user_id , time, value) values (925, 45, 28, '2022-03-29 16:36:13', 1);
insert into book_review_like (id, review_id, user_id , time, value) values (926, 45, 27, '2022-02-13 06:55:44', 1);
insert into book_review_like (id, review_id, user_id , time, value) values (927, 49, 23, '2022-02-13 05:49:20', -1);
insert into book_review_like (id, review_id, user_id , time, value) values (928, 28, 19, '2021-05-05 06:04:55', 1);
insert into book_review_like (id, review_id, user_id , time, value) values (929, 18, 15, '2021-10-02 22:05:40', 1);
insert into book_review_like (id, review_id, user_id , time, value) values (930, 24, 3, '2021-06-14 17:37:07', -1);
insert into book_review_like (id, review_id, user_id , time, value) values (931, 41, 12, '2021-08-01 12:21:12', -1);
insert into book_review_like (id, review_id, user_id , time, value) values (932, 40, 7, '2021-10-23 14:38:48', 1);
insert into book_review_like (id, review_id, user_id , time, value) values (933, 36, 39, '2021-09-13 06:12:22', 1);
insert into book_review_like (id, review_id, user_id , time, value) values (934, 8, 30, '2021-11-15 01:12:13', 1);
insert into book_review_like (id, review_id, user_id , time, value) values (935, 22, 5, '2021-05-31 23:06:34', -1);
insert into book_review_like (id, review_id, user_id , time, value) values (936, 43, 28, '2021-12-07 21:29:57', 1);
insert into book_review_like (id, review_id, user_id , time, value) values (937, 10, 12, '2021-09-03 22:17:34', -1);
insert into book_review_like (id, review_id, user_id , time, value) values (938, 19, 46, '2021-10-03 08:22:19', -1);
insert into book_review_like (id, review_id, user_id , time, value) values (939, 42, 20, '2022-01-08 12:12:09', -1);
insert into book_review_like (id, review_id, user_id , time, value) values (940, 45, 22, '2022-01-20 01:53:50', 1);
insert into book_review_like (id, review_id, user_id , time, value) values (941, 27, 31, '2021-12-08 12:01:20', -1);
insert into book_review_like (id, review_id, user_id , time, value) values (942, 18, 17, '2021-04-29 01:01:31', 1);
insert into book_review_like (id, review_id, user_id , time, value) values (943, 43, 14, '2022-02-19 16:13:17', -1);
insert into book_review_like (id, review_id, user_id , time, value) values (944, 2, 12, '2021-06-29 01:14:31', -1);
insert into book_review_like (id, review_id, user_id , time, value) values (945, 8, 5, '2021-06-18 03:26:41', 1);
insert into book_review_like (id, review_id, user_id , time, value) values (946, 7, 32, '2021-05-05 10:59:04', -1);
insert into book_review_like (id, review_id, user_id , time, value) values (947, 50, 46, '2021-11-30 03:37:05', -1);
insert into book_review_like (id, review_id, user_id , time, value) values (948, 40, 34, '2021-05-13 08:10:24', 1);
insert into book_review_like (id, review_id, user_id , time, value) values (949, 31, 5, '2021-05-30 04:55:05', 1);
insert into book_review_like (id, review_id, user_id , time, value) values (950, 14, 31, '2022-03-26 21:56:32', 1);
insert into book_review_like (id, review_id, user_id , time, value) values (951, 7, 50, '2021-11-14 00:54:01', -1);
insert into book_review_like (id, review_id, user_id , time, value) values (952, 34, 42, '2022-01-16 19:47:51', 1);
insert into book_review_like (id, review_id, user_id , time, value) values (953, 31, 9, '2021-08-14 04:11:43', -1);
insert into book_review_like (id, review_id, user_id , time, value) values (954, 50, 50, '2021-10-13 21:11:09', 1);
insert into book_review_like (id, review_id, user_id , time, value) values (955, 48, 2, '2021-10-22 16:42:03', 1);
insert into book_review_like (id, review_id, user_id , time, value) values (956, 12, 22, '2021-06-01 09:46:34', 1);
insert into book_review_like (id, review_id, user_id , time, value) values (957, 2, 47, '2021-06-17 08:11:53', -1);
insert into book_review_like (id, review_id, user_id , time, value) values (958, 20, 4, '2021-09-10 21:27:40', -1);
insert into book_review_like (id, review_id, user_id , time, value) values (959, 8, 44, '2021-07-05 10:10:31', 1);
insert into book_review_like (id, review_id, user_id , time, value) values (960, 49, 45, '2021-12-07 21:18:38', -1);
insert into book_review_like (id, review_id, user_id , time, value) values (961, 19, 11, '2022-02-07 04:46:18', -1);
insert into book_review_like (id, review_id, user_id , time, value) values (962, 5, 28, '2021-05-13 15:48:15', -1);
insert into book_review_like (id, review_id, user_id , time, value) values (963, 1, 40, '2022-01-30 14:47:20', 1);
insert into book_review_like (id, review_id, user_id , time, value) values (964, 34, 43, '2021-08-26 11:23:56', 1);
insert into book_review_like (id, review_id, user_id , time, value) values (965, 45, 29, '2021-12-10 18:35:12', 1);
insert into book_review_like (id, review_id, user_id , time, value) values (966, 15, 16, '2022-01-13 19:14:41', 1);
insert into book_review_like (id, review_id, user_id , time, value) values (967, 10, 45, '2021-12-27 02:10:25', 1);
insert into book_review_like (id, review_id, user_id , time, value) values (968, 41, 26, '2022-01-13 14:03:43', -1);
insert into book_review_like (id, review_id, user_id , time, value) values (969, 2, 3, '2022-01-05 03:24:55', -1);
insert into book_review_like (id, review_id, user_id , time, value) values (970, 46, 44, '2021-09-16 07:49:32', -1);
insert into book_review_like (id, review_id, user_id , time, value) values (971, 31, 34, '2021-11-06 15:30:01', 1);
insert into book_review_like (id, review_id, user_id , time, value) values (972, 47, 25, '2021-07-13 22:27:16', 1);
insert into book_review_like (id, review_id, user_id , time, value) values (973, 28, 40, '2022-01-11 14:46:20', 1);
insert into book_review_like (id, review_id, user_id , time, value) values (974, 24, 31, '2021-10-15 16:29:15', -1);
insert into book_review_like (id, review_id, user_id , time, value) values (975, 38, 3, '2021-07-27 12:21:06', 1);
insert into book_review_like (id, review_id, user_id , time, value) values (976, 45, 6, '2022-01-17 06:29:30', -1);
insert into book_review_like (id, review_id, user_id , time, value) values (977, 6, 15, '2021-12-31 14:57:25', -1);
insert into book_review_like (id, review_id, user_id , time, value) values (978, 40, 23, '2021-12-05 15:40:57', 1);
insert into book_review_like (id, review_id, user_id , time, value) values (979, 13, 35, '2021-09-14 13:01:11', 1);
insert into book_review_like (id, review_id, user_id , time, value) values (980, 25, 38, '2021-05-20 00:26:43', 1);
insert into book_review_like (id, review_id, user_id , time, value) values (981, 2, 5, '2021-05-21 21:43:02', -1);
insert into book_review_like (id, review_id, user_id , time, value) values (982, 27, 14, '2022-01-05 10:04:53', -1);
insert into book_review_like (id, review_id, user_id , time, value) values (983, 10, 33, '2021-09-01 15:43:48', -1);
insert into book_review_like (id, review_id, user_id , time, value) values (984, 18, 23, '2021-05-14 09:27:31', -1);
insert into book_review_like (id, review_id, user_id , time, value) values (985, 32, 38, '2021-12-11 01:09:41', -1);
insert into book_review_like (id, review_id, user_id , time, value) values (986, 13, 6, '2022-02-04 16:48:31', 1);
insert into book_review_like (id, review_id, user_id , time, value) values (987, 14, 1, '2021-11-22 06:41:41', -1);
insert into book_review_like (id, review_id, user_id , time, value) values (988, 16, 27, '2021-05-20 09:34:00', -1);
insert into book_review_like (id, review_id, user_id , time, value) values (989, 7, 48, '2021-12-18 04:47:51', -1);
insert into book_review_like (id, review_id, user_id , time, value) values (990, 35, 7, '2022-03-26 14:47:04', 1);
insert into book_review_like (id, review_id, user_id , time, value) values (991, 21, 17, '2022-01-04 21:32:39', 1);
insert into book_review_like (id, review_id, user_id , time, value) values (992, 37, 50, '2022-03-19 09:11:19', -1);
insert into book_review_like (id, review_id, user_id , time, value) values (993, 14, 14, '2022-02-15 18:41:26', 1);
insert into book_review_like (id, review_id, user_id , time, value) values (994, 25, 38, '2021-12-15 02:51:33', 1);
insert into book_review_like (id, review_id, user_id , time, value) values (995, 16, 37, '2021-07-23 17:23:16', 1);
insert into book_review_like (id, review_id, user_id , time, value) values (996, 42, 26, '2021-11-13 04:31:14', 1);
insert into book_review_like (id, review_id, user_id , time, value) values (997, 14, 26, '2021-06-11 18:01:02', 1);
insert into book_review_like (id, review_id, user_id , time, value) values (998, 20, 16, '2022-04-01 06:30:44', 1);
insert into book_review_like (id, review_id, user_id , time, value) values (999, 8, 5, '2022-02-21 11:09:16', 1);
insert into book_review_like (id, review_id, user_id , time, value) values (1000, 27, 45, '2022-03-22 10:46:06', -1);


